%time,field.header.seq,field.header.stamp,field.header.frame_id,field.fix,field.NumSat,field.latitude,field.longitude,field.altitude,field.speed,field.ground_course,field.covariance
1511903708310583239,3043,1511903708309300899,/gps,1,7,40.2678858333,-111.634426833,1497.3,0.0380688888889,6.00497982441,3.4225
1511903708511635635,3044,1511903708510618925,/gps,1,7,40.2678861667,-111.634426,1496.9,0.13427,6.00497982441,3.4225
1511903708714791781,3045,1511903708713685989,/gps,1,7,40.2678865,-111.634425667,1496.6,0.224812222222,6.00497982441,3.4225
1511903708912952875,3046,1511903708910830020,/gps,1,7,40.2678861667,-111.634425667,1496.6,0.073051111111,6.00497982441,3.4225
1511903709112194541,3047,1511903709111222982,/gps,1,7,40.2678851667,-111.6344255,1496.8,0.121923333333,6.00497982441,3.4225
1511903709311560426,3048,1511903709310507059,/gps,1,7,40.2678855,-111.634424667,1496.6,0.25928,6.00497982441,3.4225
1511903709511927249,3049,1511903709510567903,/gps,1,7,40.267885,-111.6344245,1496.7,0.0699644444444,6.00497982441,3.4225
1511903709711974020,3050,1511903709710762023,/gps,1,7,40.2678838333,-111.634424,1496.9,0.294776666666,6.00497982441,3.4225
1511903709911339541,3051,1511903709910145998,/gps,1,7,40.2678836667,-111.634423667,1496.8,0.103403333333,6.00497982441,3.4225
1511903710109589853,3052,1511903710108603954,/gps,1,7,40.2678846667,-111.6344235,1496.5,0.325128888889,6.00497982441,3.4225
1511903710311344489,3053,1511903710310404062,/gps,1,7,40.2678855,-111.6344235,1496.0,0.330273333333,6.00497982441,3.4225
1511903710512409436,3054,1511903710511079072,/gps,1,7,40.2678855,-111.6344235,1495.9,0.0653344444444,6.00497982441,3.4225
1511903710716643343,3055,1511903710715503931,/gps,1,7,40.2678855,-111.634423667,1495.7,0.206806666666,6.00497982441,3.4225
1511903710912665738,3056,1511903710911606073,/gps,1,7,40.2678853333,-111.634424333,1495.6,0.462485555555,6.00497982441,3.4225
1511903711111795738,3057,1511903711110760927,/gps,1,7,40.2678851667,-111.634425,1495.4,0.511357777777,6.00497982441,3.4225
1511903711313117301,3058,1511903711312391042,/gps,1,7,40.2678855,-111.6344255,1495.2,0.227384444444,6.00497982441,3.4225
1511903711510531467,3059,1511903711509536027,/gps,1,7,40.2678858333,-111.634425833,1495.2,0.246418888889,6.00497982441,3.4225
1511903711712147196,3060,1511903711711031913,/gps,1,7,40.267885,-111.634426667,1495.4,0.209893333333,6.00497982441,3.4225
1511903711912917300,3061,1511903711911781072,/gps,1,7,40.2678843333,-111.634428,1495.6,0.297348888889,6.00497982441,3.4225
1511903712112346936,3062,1511903712111527919,/gps,1,7,40.2678838333,-111.634429333,1495.7,0.26391,6.00497982441,3.4225
1511903712312394488,3063,1511903712311429977,/gps,1,7,40.2678833333,-111.634430333,1495.7,0.0941433333333,6.00497982441,3.4225
1511903712511817613,3064,1511903712510756015,/gps,1,7,40.267884,-111.634430333,1495.4,0.346735555555,6.00497982441,3.4225
1511903712717616311,3065,1511903712716526031,/gps,1,7,40.267884,-111.634430333,1495.2,0.221725555555,6.00497982441,3.4225
1511903712910454852,3066,1511903712908942937,/gps,1,7,40.2678828333,-111.634431,1495.5,0.193945555555,6.00497982441,3.4225
1511903713111248758,3067,1511903713110029935,/gps,1,7,40.2678826667,-111.634431,1495.5,0.18057,6.00497982441,3.4225
1511903713311543810,3068,1511903713310189962,/gps,1,7,40.2678826667,-111.634430667,1495.4,0.18983,6.00497982441,3.4225
1511903713511796623,3069,1511903713510644912,/gps,1,7,40.267882,-111.634431,1495.5,0.218124444444,6.00497982441,3.4225
1511903713711278654,3070,1511903713710122108,/gps,1,7,40.2678815,-111.634431333,1495.6,0.0622477777777,6.00497982441,3.4225
1511903713913257404,3071,1511903713911869049,/gps,1,7,40.2678813333,-111.634432,1495.6,0.119351111111,6.00497982441,3.4225
1511903714113476362,3072,1511903714111543893,/gps,1,7,40.2678808333,-111.634433167,1495.8,0.29632,6.00497982441,3.4225
1511903714310767977,3073,1511903714309043884,/gps,1,7,40.2678803333,-111.634434,1495.8,0.108033333333,6.00497982441,3.4225
1511903714514226258,3074,1511903714512551069,/gps,1,7,40.2678811667,-111.634434333,1495.6,0.637911111111,6.00497982441,3.4225
1511903714720595997,3075,1511903714718852996,/gps,1,7,40.2678816667,-111.634435833,1495.8,0.738227777777,6.00497982441,3.4225
1511903714914769174,3076,1511903714912925004,/gps,1,7,40.2678821667,-111.634436833,1495.7,0.482034444444,6.00497982441,3.4225
1511903715115760424,3077,1511903715113840103,/gps,1,7,40.2678825,-111.634438,1496.0,1.19299666667,6.2549109733,3.4225
1511903715314935060,3078,1511903715312839984,/gps,1,7,40.2678841667,-111.634437333,1495.8,0.515987777777,6.2549109733,3.4225
1511903715515406622,3079,1511903715513838052,/gps,1,7,40.267886,-111.634437,1495.6,0.36577,6.2549109733,3.4225
1511903715711813184,3080,1511903715710750102,/gps,1,7,40.2678863333,-111.634437667,1495.7,0.110091111111,6.2549109733,3.4225
1511903715914305580,3081,1511903715913568973,/gps,1,7,40.2678861667,-111.634438167,1495.8,0.260823333333,6.2549109733,3.4225
1511903716113029486,3082,1511903716111973047,/gps,1,7,40.267887,-111.6344375,1495.6,0.616304444444,6.2549109733,3.4225
1511903716313024799,3083,1511903716311939954,/gps,1,7,40.2678881667,-111.634437167,1495.5,0.386862222222,6.2549109733,3.4225
1511903716511844122,3084,1511903716511049985,/gps,1,7,40.2678885,-111.634438333,1495.7,0.0591611111111,6.2549109733,3.4225
1511903716717800319,3085,1511903716716789960,/gps,1,7,40.2678886667,-111.634439,1495.7,0.205263333333,6.2549109733,3.4225
1511903716912316101,3086,1511903716911257982,/gps,1,7,40.2678886667,-111.63444,1495.8,0.0432133333333,6.2549109733,3.4225
1511903717110961569,3087,1511903717109503984,/gps,1,7,40.2678885,-111.634440833,1495.9,0.0668777777777,6.2549109733,3.4225
1511903717312126257,3088,1511903717310940980,/gps,1,7,40.2678886667,-111.6344415,1496.0,0.420815555555,6.2549109733,3.4225
1511903717511334069,3089,1511903717510481119,/gps,1,7,40.2678891667,-111.634441667,1496.0,0.530906666666,6.2549109733,3.4225
1511903717713646257,3090,1511903717711407899,/gps,1,7,40.26789,-111.634441167,1496.0,0.854492222221,6.2549109733,3.4225
1511903717912880579,3091,1511903717911891937,/gps,1,7,40.2678915,-111.634439833,1496.0,1.05666888889,6.2549109733,3.4225
1511903718112594017,3092,1511903718111525058,/gps,1,7,40.2678923333,-111.6344395,1496.1,0.387891111111,6.2549109733,3.4225
1511903718312610163,3093,1511903718311790943,/gps,1,7,40.2678928333,-111.634439167,1496.2,0.374001111111,6.2549109733,3.4225
1511903718513240996,3094,1511903718511883974,/gps,1,7,40.267893,-111.634439167,1496.3,0.17594,6.2549109733,3.4225
1511903718718704590,3095,1511903718717804908,/gps,1,7,40.2678926667,-111.6344395,1496.5,0.221725555555,6.2549109733,3.4225
1511903718913433444,3096,1511903718911793947,/gps,1,7,40.2678926667,-111.6344395,1496.5,0.12501,6.2549109733,3.4225
1511903719112964954,3097,1511903719111502885,/gps,1,7,40.2678923333,-111.634439833,1496.6,0.0236644444444,6.2549109733,3.4225
1511903719313208964,3098,1511903719311718940,/gps,1,7,40.2678926667,-111.634440333,1496.7,0.297348888889,6.2549109733,3.4225
1511903719515039537,3099,1511903719513597011,/gps,1,7,40.2678928333,-111.634441167,1496.7,0.24539,6.2549109733,3.4225
1511903719714580058,3100,1511903719712929010,/gps,1,7,40.2678931667,-111.634442,1496.7,0.138385555555,6.2549109733,3.4225
1511903719913042506,3101,1511903719911525964,/gps,1,7,40.267893,-111.634442333,1496.6,0.354452222222,6.2549109733,3.4225
1511903720113657037,3102,1511903720112027883,/gps,1,7,40.2678941667,-111.634441333,1496.4,1.03866333333,6.2549109733,3.4225
1511903720312117453,3103,1511903720310627937,/gps,1,7,40.267895,-111.634440833,1496.4,0.291175555555,6.2549109733,3.4225
1511903720512349901,3104,1511903720510900974,/gps,1,7,40.267895,-111.634441167,1496.5,0.0236644444444,6.2549109733,3.4225
1511903720717508495,3105,1511903720715934991,/gps,1,7,40.2678945,-111.634441667,1496.7,0.164107777778,6.2549109733,3.4225
1511903720912613495,3106,1511903720911323070,/gps,1,7,40.2678953333,-111.634441667,1496.6,0.514444444444,6.2549109733,3.4225
1511903721110580214,3107,1511903721109129905,/gps,1,7,40.2678955,-111.634442167,1496.7,0.31947,6.2549109733,3.4225
1511903721312094797,3108,1511903721310487985,/gps,1,7,40.267896,-111.634442,1496.7,0.378116666666,6.2549109733,3.4225
1511903721513180943,3109,1511903721510725975,/gps,1,7,40.2678966667,-111.634441833,1496.6,0.248476666666,6.2549109733,3.4225
1511903721712793963,3110,1511903721711004972,/gps,1,7,40.2678961667,-111.634441667,1496.6,0.471745555555,6.2549109733,3.4225
1511903721912668755,3111,1511903721910947084,/gps,1,7,40.2678956667,-111.634441,1496.6,0.390977777777,6.2549109733,3.4225
1511903722113208703,3112,1511903722111185073,/gps,1,7,40.267896,-111.634441167,1496.8,0.471745555555,6.2549109733,3.4225
1511903722312278182,3113,1511903722310519933,/gps,1,7,40.2678965,-111.634441333,1497.0,0.118322222222,6.2549109733,3.4225
1511903722509845369,3114,1511903722508543968,/gps,1,7,40.2678965,-111.634441667,1497.1,0.0267511111111,6.2549109733,3.4225
1511903722717313182,3115,1511903722715594053,/gps,1,7,40.2678966667,-111.6344425,1497.3,0.366284444444,6.2549109733,3.4225
1511903722911985109,3116,1511903722910695075,/gps,1,7,40.2678973333,-111.634443,1497.4,0.535536666666,6.2549109733,3.4225
1511903723113318598,3117,1511903723111033916,/gps,1,7,40.267896,-111.634444,1497.7,0.591096666666,6.2549109733,3.4225
1511903723312293182,3118,1511903723311059951,/gps,1,7,40.2678971667,-111.634441667,1497.5,0.770637777777,6.2549109733,3.4225
1511903723511695838,3119,1511903723510433912,/gps,1,7,40.2678961667,-111.634441667,1497.8,0.364741111111,6.2549109733,3.4225
1511903723710818963,3120,1511903723710005998,/gps,1,7,40.2678958333,-111.634441167,1497.7,0.17131,6.2549109733,3.4225
1511903723910962973,3121,1511903723908996105,/gps,1,7,40.267896,-111.634440667,1497.6,0.352394444444,6.2549109733,3.4225
1511903724111200525,3122,1511903724110065937,/gps,1,7,40.2678961667,-111.634440833,1497.5,0.225326666666,6.2549109733,3.4225
1511903724311200369,3123,1511903724310440063,/gps,1,7,40.2678961667,-111.634440667,1497.4,0.05556,6.2549109733,3.4225
1511903724511452296,3124,1511903724510688066,/gps,1,7,40.2678963333,-111.63444,1497.2,0.182113333333,6.2549109733,3.4225
1511903724711861462,3125,1511903724711102962,/gps,1,7,40.2678955,-111.634440667,1497.3,0.193431111111,6.2549109733,3.4225
1511903724913148129,3126,1511903724912141084,/gps,1,7,40.2678958333,-111.634440167,1497.1,0.0447566666666,6.2549109733,3.4225
1511903725113361670,3127,1511903725112277984,/gps,1,7,40.2678956667,-111.634440833,1497.2,0.288088888889,6.2549109733,3.4225
1511903725311120733,3128,1511903725309942007,/gps,1,7,40.2678943333,-111.634442333,1497.4,0.386862222222,6.2549109733,3.4225
1511903725512773389,3129,1511903725511761903,/gps,1,7,40.267894,-111.634442667,1497.5,0.137356666667,6.2549109733,3.4225
1511903725712335993,3130,1511903725711299896,/gps,1,7,40.2678938333,-111.634443167,1497.5,0.091571111111,6.2549109733,3.4225
1511903725913009222,3131,1511903725912041902,/gps,1,7,40.267893,-111.6344445,1497.7,0.18057,6.2549109733,3.4225
1511903726113052608,3132,1511903726112107992,/gps,1,7,40.2678921667,-111.634445667,1497.9,0.0468144444444,6.2549109733,3.4225
1511903726312448597,3133,1511903726311618089,/gps,1,7,40.2678913333,-111.634446667,1498.0,0.077681111111,6.2549109733,3.4225
1511903726514075524,3134,1511903726513066053,/gps,1,7,40.2678886667,-111.634447,1498.3,1.80261333333,1.65317586749,3.4225
1511903726710172086,3135,1511903726709172010,/gps,1,7,40.2678856667,-111.634447833,1498.7,0.429046666666,1.65317586749,3.4225
1511903726913317920,3136,1511903726912434101,/gps,1,7,40.267885,-111.634446833,1498.7,0.757776666666,1.65317586749,3.4225
1511903727112080420,3137,1511903727111213922,/gps,1,7,40.2678851667,-111.634445667,1498.8,0.300435555555,1.65317586749,3.4225
1511903727311885992,3138,1511903727310971021,/gps,1,7,40.2678865,-111.634444167,1498.5,0.47689,1.65317586749,3.4225
1511903727512111305,3139,1511903727511181116,/gps,1,7,40.2678898333,-111.634442667,1498.0,1.33446888889,1.65317586749,3.4225
1511903727714161982,3140,1511903727713148117,/gps,1,7,40.2678915,-111.6344435,1498.0,0.838544444444,1.65317586749,3.4225
1511903727912816513,3141,1511903727911762952,/gps,1,7,40.2678926667,-111.634443833,1498.0,0.611674444444,1.65317586749,3.4225
1511903728111873544,3142,1511903728110570907,/gps,1,7,40.2678926667,-111.634444333,1498.2,0.330787777777,1.65317586749,3.4225
1511903728312917711,3143,1511903728311820983,/gps,1,7,40.2678931667,-111.634443833,1498.1,0.105461111111,1.65317586749,3.4225
1511903728512529534,3144,1511903728511549949,/gps,1,7,40.2678935,-111.634443833,1498.1,0.301464444444,1.65317586749,3.4225
1511903728712589690,3145,1511903728711533069,/gps,1,7,40.267894,-111.6344435,1498.0,0.05093,1.65317586749,3.4225
1511903728915616929,3146,1511903728913666963,/gps,1,7,40.2678948333,-111.634442667,1497.8,0.17594,1.65317586749,3.4225
1511903729113423856,3147,1511903729112401008,/gps,1,7,40.2678953333,-111.634442333,1497.7,0.128611111111,1.65317586749,3.4225
1511903729312995523,3148,1511903729312094926,/gps,1,7,40.2678955,-111.634441833,1497.7,0.0699644444444,1.65317586749,3.4225
1511903729511609481,3149,1511903729510548114,/gps,1,7,40.2678958333,-111.634441167,1497.6,0.109062222222,1.65317586749,3.4225
1511903729713972398,3150,1511903729713059902,/gps,1,7,40.267896,-111.634441,1497.6,0.0298377777778,1.65317586749,3.4225
1511903729912972033,3151,1511903729912139892,/gps,1,7,40.267897,-111.634439,1497.3,0.559715555555,1.65317586749,3.4225
1511903730112979898,3152,1511903730112142086,/gps,1,7,40.2678988333,-111.634435833,1496.9,0.905422222221,1.65317586749,3.4225
1511903730312978179,3153,1511903730312123060,/gps,1,7,40.2678998333,-111.634433667,1496.7,0.46763,1.65317586749,3.4225
1511903730512934689,3154,1511903730512080907,/gps,1,7,40.2678998333,-111.634433667,1496.8,0.121923333333,1.65317586749,3.4225
1511903730712471512,3155,1511903730711549043,/gps,1,7,40.2679,-111.634433333,1496.8,0.440364444444,1.65317586749,3.4225
1511903730911118543,3156,1511903730910132884,/gps,1,7,40.2679006667,-111.634433,1496.9,0.528848888888,1.65317586749,3.4225
1511903731112515054,3157,1511903731111646890,/gps,1,7,40.2679016667,-111.6344325,1496.9,0.55097,1.65317586749,3.4225
1511903731313130314,3158,1511903731312303066,/gps,1,7,40.2679028333,-111.6344315,1496.9,0.834943333333,1.65317586749,3.4225
1511903731512196564,3159,1511903731511346101,/gps,1,7,40.2679033333,-111.634431,1497.0,0.615275555555,1.65317586749,3.4225
1511903731712319689,3160,1511903731711436986,/gps,1,7,40.2679031667,-111.634430833,1497.1,0.442422222222,1.65317586749,3.4225
1511903731913059532,3161,1511903731912205934,/gps,1,7,40.2679023333,-111.634431,1497.2,0.23613,1.65317586749,3.4225
1511903732112951668,3162,1511903732112106084,/gps,1,7,40.267902,-111.634430833,1497.3,0.326672222222,1.65317586749,3.4225
1511903732312482761,3163,1511903732311592102,/gps,1,7,40.2679018333,-111.634431333,1497.4,0.167194444444,1.65317586749,3.4225
1511903732512179428,3164,1511903732511254072,/gps,1,7,40.2679016667,-111.634432,1497.5,0.0586466666666,1.65317586749,3.4225
1511903732713226511,3165,1511903732712366104,/gps,1,7,40.2679013333,-111.634432833,1497.5,0.0354966666666,1.65317586749,3.4225
1511903732913548126,3166,1511903732912626028,/gps,1,7,40.2679011667,-111.634432833,1497.4,0.103917777778,1.65317586749,3.4225
1511903733113847084,3167,1511903733112941980,/gps,1,7,40.2679015,-111.634432667,1497.3,0.238702222222,1.65317586749,3.4225
1511903733312794428,3168,1511903733311949014,/gps,1,7,40.2679018333,-111.634432333,1497.2,0.406925555555,1.65317586749,3.4225
1511903733512179792,3169,1511903733511317968,/gps,1,7,40.2679021667,-111.6344325,1497.4,0.343648888889,1.65317586749,3.4225
1511903733712594636,3170,1511903733711739063,/gps,1,7,40.2679025,-111.634432667,1497.4,0.338504444444,1.65317586749,3.4225
1511903733917480157,3171,1511903733916023969,/gps,1,7,40.2679031667,-111.634433167,1497.3,0.536565555555,1.65317586749,3.4225
1511903734113011407,3172,1511903734111480951,/gps,1,7,40.2679036667,-111.634434333,1497.1,1.07621777778,1.65317586749,3.4225
1511903734312680677,3173,1511903734311178922,/gps,1,7,40.267903,-111.634437167,1497.1,1.48777333333,1.65317586749,3.4225
1511903734512359948,3174,1511903734510852098,/gps,1,7,40.2679021667,-111.63444,1497.0,1.55362222222,1.65317586749,3.4225
1511903734712987396,3175,1511903734711438894,/gps,1,7,40.2679021667,-111.634444167,1497.1,2.02073777778,0.704763951955,3.4225
1511903734909684010,3176,1511903734908164024,/gps,1,6,40.2679013333,-111.634447667,1497.6,1.27427888889,0.704763951955,5.1076
1511903735113457552,3177,1511903735111968994,/gps,1,6,40.2678956667,-111.634447333,1497.4,4.86201444444,2.79427213244,5.1076
1511903735313008698,3178,1511903735311534881,/gps,1,6,40.267888,-111.63446,1497.5,9.60107666666,4.17535116955,5.1076
1511903735512780364,3179,1511903735511281967,/gps,1,6,40.2678803333,-111.634481333,1497.9,10.2518488889,4.31131231828,5.1076
1511903735713324271,3180,1511903735711842060,/gps,1,6,40.267872,-111.634503167,1498.1,9.98793888888,4.25511271636,5.1076
1511903735917244375,3181,1511903735915414094,/gps,1,6,40.2678626667,-111.634524333,1497.9,10.40361,4.19280446207,5.1076
1511903736116423281,3182,1511903736114876031,/gps,1,6,40.2678523333,-111.634545667,1497.4,10.9998511111,4.12875087852,5.1076
1511903736313830833,3183,1511903736312323093,/gps,1,6,40.2678401667,-111.634567667,1497.0,11.6773744444,4.05579611578,5.1076
1511903736517876614,3184,1511903736516355991,/gps,1,6,40.2678248333,-111.6345895,1497.2,11.7519688889,3.93781185835,5.1076
1511903736720955624,3185,1511903736719335079,/gps,1,7,40.2678076667,-111.634608,1497.0,13.1548588889,3.75769387954,3.4225
1511903736914101353,3186,1511903736913297891,/gps,1,7,40.2677893333,-111.634624,1497.4,11.5446477778,3.69905081668,3.4225
1511903737114012760,3187,1511903737113179922,/gps,1,7,40.2677706667,-111.634638333,1498.2,11.2087155555,3.62958671245,3.4225
1511903737314221614,3188,1511903737313347101,/gps,1,7,40.2677536667,-111.634651333,1498.6,11.3398988889,3.70585760076,3.4225
1511903737514362759,3189,1511903737513535022,/gps,1,7,40.2677365,-111.634666333,1498.8,12.0210233333,3.73535366512,3.4225
1511903737711912082,3190,1511903737711055040,/gps,1,7,40.2677196667,-111.634682667,1498.9,11.4062622222,3.79521845846,3.4225
1511903737913164009,3191,1511903737912302017,/gps,1,7,40.267705,-111.634700167,1498.6,11.8929266667,3.8980183514,3.4225
1511903738113206197,3192,1511903738112373113,/gps,1,7,40.2676911667,-111.634720667,1498.3,11.78335,4.00849769306,3.4225
1511903738313081040,3193,1511903738312251091,/gps,1,7,40.2676793333,-111.634744333,1498.0,12.1949055555,4.19402619254,3.4225
1511903738513848488,3194,1511903738512913942,/gps,1,7,40.2676726667,-111.634771333,1497.7,12.3276322222,4.53611072593,3.4225
1511903738718600311,3195,1511903738717706918,/gps,1,7,40.2676728333,-111.634800167,1497.7,11.9649488889,4.86388355946,3.4225
1511903738917676613,3196,1511903738915416955,/gps,1,7,40.2676788333,-111.634827,1497.7,11.6315888889,5.08798383541,3.4225
1511903739113118071,3197,1511903739112077951,/gps,1,7,40.2676876667,-111.634851167,1497.9,10.8913033333,5.23720948646,3.4225
1511903739314127498,3198,1511903739313143014,/gps,1,7,40.2676985,-111.634872333,1498.3,10.3279866667,5.35885893532,3.4225
1511903739514248592,3199,1511903739513056039,/gps,1,7,40.2677103333,-111.634891333,1498.5,10.32953,5.3787556888,3.4225
1511903739714362082,3200,1511903739713052034,/gps,1,7,40.2677221667,-111.634910333,1499.0,10.3830322222,5.4058082922,3.4225
1511903739914125311,3201,1511903739912875890,/gps,1,7,40.2677338333,-111.634928833,1499.4,9.89533888888,5.41767653112,3.4225
1511903740115005571,3202,1511903740114002943,/gps,1,7,40.2677455,-111.634947,1499.8,10.0861977778,5.4058082922,3.4225
1511903740314792238,3203,1511903740313869953,/gps,1,7,40.267757,-111.634965333,1500.0,10.01469,5.39359098744,3.4225
1511903740512789842,3204,1511903740511910915,/gps,1,7,40.26777,-111.634984167,1500.0,11.03792,5.40196856785,3.4225
1511903740721360571,3205,1511903740720138072,/gps,1,7,40.2677813333,-111.635006167,1500.4,11.1901955555,5.28398431041,3.4225
1511903740914642914,3206,1511903740913321018,/gps,1,7,40.2677915,-111.635028333,1500.5,11.1320633333,5.17525029801,3.4225
1511903741114888904,3207,1511903741113862037,/gps,1,7,40.2677991667,-111.6350525,1500.9,11.0914222222,5.05552071133,3.4225
1511903741314826091,3208,1511903741313797950,/gps,1,7,40.2678055,-111.6350765,1500.8,11.0281455555,4.92898434056,3.4225
1511903741515435518,3209,1511903741514317035,/gps,1,7,40.2678076667,-111.635101167,1500.8,11.0873066667,4.7664941872,3.4225
1511903741715336352,3210,1511903741714462041,/gps,1,7,40.2678086667,-111.635127,1500.7,11.2611888889,4.69353942446,3.4225
1511903741913632029,3211,1511903741912693023,/gps,1,7,40.267807,-111.635154,1500.8,11.67686,4.61220708132,3.4225
1511903742114204893,3212,1511903742113276004,/gps,1,7,40.267804,-111.635182,1500.8,11.9932433333,4.55845094036,3.4225
1511903742315334945,3213,1511903742314404010,/gps,1,7,40.2678008333,-111.635210833,1500.7,12.0832711111,4.59073953152,3.4225
1511903742514650205,3214,1511903742513662099,/gps,1,7,40.2677981667,-111.635239333,1500.3,12.38525,4.53890325274,3.4225
1511903742721641039,3215,1511903742720798015,/gps,1,7,40.2677951667,-111.635267833,1499.6,12.8950644444,4.52651141505,3.4225
1511903742914910778,3216,1511903742913922071,/gps,1,7,40.2677915,-111.635298333,1499.7,13.0566,4.55408761723,3.4225
1511903743115280101,3217,1511903743113670110,/gps,1,7,40.2677873333,-111.635327167,1500.0,12.3173433333,4.47066087898,3.4225
1511903743313049111,3218,1511903743312285900,/gps,1,7,40.267782,-111.6353525,1500.5,11.07496,4.37920562618,3.4225
1511903743515553330,3219,1511903743514539957,/gps,1,7,40.2677761667,-111.6353745,1501.5,9.17614555555,4.37187524332,3.4225
1511903743715794840,3220,1511903743714463949,/gps,1,7,40.2677713333,-111.635393333,1502.0,9.55220444444,4.30677446222,3.4225
1511903743916305101,3221,1511903743914165973,/gps,1,7,40.2677656667,-111.635413167,1502.9,8.44769222221,4.39962597843,3.4225
1511903744115616871,3222,1511903744114236116,/gps,1,7,40.267761,-111.635431833,1503.5,8.3746411111,4.42929657571,3.4225
1511903744317051038,3223,1511903744315263986,/gps,1,7,40.2677573333,-111.635451,1503.9,8.70131333333,4.47607139966,3.4225
1511903744515030205,3224,1511903744514075040,/gps,1,7,40.2677555,-111.635469833,1503.8,8.15908888888,4.60330590214,3.4225
1511903744721273278,3225,1511903744720118999,/gps,1,7,40.2677545,-111.6354895,1503.8,8.41939777777,4.67503893439,3.4225
1511903744915834944,3226,1511903744914740085,/gps,1,7,40.2677556667,-111.635509333,1503.6,8.39367555555,4.8593457034,3.4225
1511903745115071819,3227,1511903745114128112,/gps,1,7,40.26776,-111.6355285,1503.1,8.83866999999,4.99007086438,3.4225
1511903745314400725,3228,1511903745313312053,/gps,1,7,40.267767,-111.635547667,1502.8,8.95133333333,5.23720948646,3.4225
1511903745514607288,3229,1511903745513685941,/gps,1,7,40.267777,-111.635564833,1502.6,9.00792222221,5.41575666894,3.4225
1511903745715492444,3230,1511903745713787078,/gps,1,7,40.267789,-111.635579833,1502.6,9.00740777777,5.62083285605,3.4225
1511903745914522756,3231,1511903745913719892,/gps,1,7,40.2678023333,-111.635591667,1502.8,8.6617011111,5.76080826206,3.4225
1511903746114662392,3232,1511903746113784074,/gps,1,7,40.267816,-111.6356005,1503.1,7.91729999999,5.88891542915,3.4225
1511903746314628589,3233,1511903746313751935,/gps,1,7,40.2678293333,-111.635606667,1503.5,7.8051511111,6.05140558251,3.4225
1511903746515074423,3234,1511903746514194011,/gps,1,7,40.2678428333,-111.635609667,1504.0,7.15129222222,6.11511010021,3.4225
1511903746722360725,3235,1511903746721292018,/gps,1,7,40.2678556667,-111.63561,1504.3,6.41820888888,6.20167843111,3.4225
1511903746915101350,3236,1511903746913873910,/gps,1,7,40.2678676667,-111.635608167,1504.7,6.27570777777,0.0455530934771,3.4225
1511903747114209527,3237,1511903747112999916,/gps,1,7,40.2678786667,-111.635604667,1505.3,6.26799111111,0.16615534479,3.4225
1511903747314802391,3238,1511903747314060926,/gps,1,7,40.2678885,-111.635599167,1505.7,5.83122777777,0.294786110662,3.4225
1511903747513827495,3239,1511903747512998104,/gps,1,7,40.267897,-111.635592,1505.9,4.91654555555,0.399156799931,3.4225
1511903747714217235,3240,1511903747713407993,/gps,1,7,40.267904,-111.635584333,1506.1,4.98188,0.540877535193,3.4225
1511903747914376453,3241,1511903747913351058,/gps,1,7,40.2679101667,-111.635575667,1506.1,4.69121888888,0.678584013175,3.4225
1511903748115161453,3242,1511903748114315986,/gps,1,7,40.2679146667,-111.635567167,1506.3,4.76632777777,0.808261976599,3.4225
1511903748313808537,3243,1511903748312936067,/gps,1,7,40.2679195,-111.6355575,1506.2,5.10843333333,0.893084978245,3.4225
1511903748514073536,3244,1511903748512984037,/gps,1,7,40.2679256667,-111.635545833,1505.8,5.83791555555,0.962200016624,3.4225
1511903748718898745,3245,1511903748717901945,/gps,1,7,40.2679306667,-111.635534667,1505.6,5.49838222222,1.01892321731,3.4225
1511903748916022026,3246,1511903748914303064,/gps,1,7,40.2679356667,-111.635522,1505.3,6.28188111111,1.10933127257,3.4225
1511903749115021245,3247,1511903749114177942,/gps,1,7,40.26794,-111.635507167,1504.8,7.06795222222,1.21038583626,3.4225
1511903749314609213,3248,1511903749313648939,/gps,1,7,40.267943,-111.635490167,1504.3,7.6708811111,1.39015474921,3.4225
1511903749513511140,3249,1511903749512715101,/gps,1,7,40.2679445,-111.635471,1503.9,8.87262333333,1.50744087495,3.4225
1511903749715256088,3250,1511903749714374065,/gps,1,7,40.2679455,-111.635449333,1503.3,9.36957666666,1.5999433253,3.4225
1511903749913978953,3251,1511903749913140058,/gps,1,7,40.2679421667,-111.635427667,1503.2,10.0522444444,1.8374826365,3.4225
1511903750112890932,3252,1511903750112077951,/gps,1,7,40.2679353333,-111.635405833,1503.0,10.4792333333,2.02946885422,3.4225
1511903750314551036,3253,1511903750313771963,/gps,1,7,40.2679248333,-111.6353845,1502.7,11.17219,2.28673038596,3.4225
1511903750514491869,3254,1511903750513741970,/gps,1,7,40.2679095,-111.635368667,1502.7,10.8902744444,2.57348798207,3.4225
1511903750722720619,3255,1511903750721858024,/gps,1,7,40.267892,-111.6353575,1502.2,11.1984266667,2.79584292877,3.4225
1511903750914536036,3256,1511903750913570880,/gps,1,7,40.267872,-111.635352,1502.4,10.8187666667,2.90998746185,3.4225
1511903751114298483,3257,1511903751113168001,/gps,1,7,40.2678513333,-111.635351,1502.0,11.9474577778,3.19465066285,3.4225
1511903751314644681,3258,1511903751313630104,/gps,1,7,40.2678295,-111.635356333,1501.5,12.51952,3.40094858044,3.4225
1511903751511950671,3259,1511903751511166095,/gps,1,7,40.2678083333,-111.6353685,1501.2,12.7258122222,3.63237923925,3.4225
1511903751715107337,3260,1511903751713840961,/gps,1,7,40.2677865,-111.635387333,1502.1,12.6949455555,3.74774550281,3.4225
1511903751914840671,3261,1511903751913930892,/gps,1,7,40.2677723333,-111.635407,1502.4,11.4520477778,4.06958421688,3.4225
1511903752115374733,3262,1511903752114451885,/gps,1,7,40.2677613333,-111.6354285,1503.1,11.3172633333,4.07639100096,3.4225
1511903752314828327,3263,1511903752313988924,/gps,1,7,40.2677523333,-111.635448167,1504.3,8.17503666666,4.20153110833,3.4225
1511903752514929420,3264,1511903752514174938,/gps,1,7,40.2677485,-111.6354635,1505.6,5.86312333333,4.46978821436,3.4225
1511903752723270202,3265,1511903752722213983,/gps,1,7,40.2677451667,-111.635477333,1507.0,5.49272333333,4.4451790719,3.4225
1511903752915061504,3266,1511903752913814067,/gps,1,7,40.2677451667,-111.635488,1508.0,3.62940555555,4.54518643804,3.4225
1511903753115291868,3267,1511903753114232063,/gps,1,7,40.2677441667,-111.635498,1509.1,3.96019333333,4.5690974488,3.4225
1511903753315313222,3268,1511903753314393043,/gps,1,7,40.2677438333,-111.635507333,1509.7,3.67776333333,4.63733982255,3.4225
1511903753515768274,3269,1511903753514642000,/gps,1,7,40.2677431667,-111.6355175,1510.1,4.31773222222,4.66980294664,3.4225
1511903753714448378,3270,1511903753713414907,/gps,1,7,40.2677418333,-111.635529667,1510.7,4.60016222222,4.71553057304,3.4225
1511903753915619212,3271,1511903753913800954,/gps,1,7,40.2677428333,-111.635541667,1510.7,5.22315444444,4.86789781674,3.4225
1511903754114719003,3272,1511903754113722085,/gps,1,7,40.267746,-111.635553167,1510.2,5.24939111111,4.9694759792,3.4225
1511903754313339316,3273,1511903754312316894,/gps,1,7,40.2677503333,-111.635564333,1509.4,5.57657777777,4.99792484601,3.4225
1511903754515449472,3274,1511903754514326095,/gps,1,7,40.2677568333,-111.635575167,1508.5,5.83997333333,5.13493319229,3.4225
1511903754715427492,3275,1511903754714447975,/gps,1,6,40.2677646667,-111.635585833,1507.5,6.27776555555,5.22935550483,3.6864
1511903754915321555,3276,1511903754914253950,/gps,1,6,40.2677741667,-111.635596333,1506.4,6.79118111111,5.33075913437,3.6864
1511903755116333169,3277,1511903755115276098,/gps,1,6,40.2677856667,-111.635607667,1505.6,7.9672011111,5.52379254964,3.6864
1511903755315960826,3278,1511903755314785003,/gps,1,6,40.2677981667,-111.635623167,1505.1,10.4149277778,5.48347544392,3.6864
1511903755515833586,3279,1511903755515058040,/gps,1,6,40.267811,-111.635641833,1505.1,10.8269977778,5.49708901208,3.6864
1511903755714804159,3280,1511903755713923931,/gps,1,6,40.2678248333,-111.635659833,1505.1,10.7724666667,5.50459392786,3.6864
1511903755915245982,3281,1511903755914459943,/gps,1,6,40.2678383333,-111.6356775,1505.1,10.4056677778,5.46462588799,3.6864
1511903756115870304,3282,1511903756114649057,/gps,1,6,40.2678501667,-111.635696,1505.5,10.0203488889,5.38783140091,3.6864
1511903756317511606,3283,1511903756316467046,/gps,1,6,40.2678605,-111.635714833,1505.9,9.57226777777,5.30248480048,3.6864
1511903756516176658,3284,1511903756514978885,/gps,1,6,40.2678685,-111.6357345,1506.4,9.31144444444,5.18502414182,3.6864
1511903756717428377,3285,1511903756716331958,/gps,1,6,40.2678721667,-111.635758333,1507.6,9.72557222221,5.02009052751,3.6864
1511903756917637023,3286,1511903756916698932,/gps,1,6,40.2678753333,-111.635781333,1508.2,9.19980999999,4.90454973103,3.6864
1511903757115196398,3287,1511903757114310979,/gps,1,6,40.2678773333,-111.6358035,1508.2,9.62576999999,4.7678904506,3.6864
1511903757317412544,3288,1511903757316520929,/gps,1,6,40.267876,-111.635828167,1508.4,9.9349511111,4.64955712731,3.6864
1511903757518537543,3289,1511903757517709970,/gps,1,7,40.2678728333,-111.635853,1508.5,10.0928855555,4.56944651465,3.4225
1511903757717418637,3290,1511903757716543912,/gps,1,6,40.2678665,-111.635876167,1508.0,10.6191622222,4.29752421719,3.6864
1511903757917655304,3291,1511903757916656970,/gps,1,7,40.2678576667,-111.635896667,1506.9,10.4843777778,4.09576415566,3.4225
1511903758116213741,3292,1511903758115117073,/gps,1,6,40.267842,-111.635915833,1506.0,11.7401366667,3.79905818282,3.6864
1511903758317947804,3293,1511903758317136049,/gps,1,7,40.2678198333,-111.635931167,1504.8,13.8827977778,3.50060688073,3.4225
1511903758513197699,3294,1511903758512154102,/gps,1,7,40.2677943333,-111.635937833,1503.4,14.4049588889,3.17335764598,3.4225
1511903758714895356,3295,1511903758713793039,/gps,1,7,40.2677693333,-111.635932167,1501.9,14.7758733333,2.84261775272,3.4225
1511903758917561293,3296,1511903758915247917,/gps,1,7,40.2677441667,-111.6359165,1501.4,16.4112922222,2.50891079974,3.4225
1511903759114843012,3297,1511903759113996982,/gps,1,7,40.2677258333,-111.635889333,1501.1,15.66329,2.11464092172,3.4225
1511903759315209314,3298,1511903759314137935,/gps,1,7,40.2677153333,-111.635858667,1501.1,14.6426322222,1.84202049255,3.4225
1511903759514959470,3299,1511903759513833045,/gps,1,7,40.2677096667,-111.635827,1501.7,14.4456,1.682322866,3.4225
1511903759714236866,3300,1511903759713419914,/gps,1,7,40.2677071667,-111.6357975,1502.2,13.3801855555,1.55822995618,3.4225
1511903759914036345,3301,1511903759913142919,/gps,1,7,40.2677076667,-111.635766333,1502.2,13.8272377778,1.51302592855,3.4225
1511903760115589365,3302,1511903760114341020,/gps,1,7,40.2677086667,-111.635735,1502.2,13.6204311111,1.49784156406,3.4225
1511903760317205303,3303,1511903760315979957,/gps,1,7,40.2677111667,-111.635702667,1501.7,13.8740522222,1.47567588256,3.4225
1511903760516400667,3304,1511903760515094041,/gps,1,7,40.2677141667,-111.635670833,1501.0,13.39922,1.44984500963,3.4225
1511903760717736501,3305,1511903760716716051,/gps,1,7,40.2677166667,-111.635637167,1500.2,14.8278322222,1.53362081373,3.4225
1511903760915789469,3306,1511903760914524078,/gps,1,7,40.2677178333,-111.635602,1500.0,14.9065422222,1.55753182448,3.4225
1511903761115433740,3307,1511903761114533901,/gps,1,7,40.2677163333,-111.635570167,1501.1,13.6744477778,1.61477862395,3.4225
1511903761317106709,3308,1511903761316010951,/gps,1,7,40.2677153333,-111.635544167,1502.4,9.47709555555,1.68406819525,3.4225
1511903761518723688,3309,1511903761517638921,/gps,1,7,40.2677126667,-111.635523167,1504.2,9.06656888888,1.69122404518,3.4225
1511903761718554886,3310,1511903761717704057,/gps,1,7,40.2677105,-111.635503667,1505.7,8.18635444444,1.69890349389,3.4225
1511903761918398167,3311,1511903761917174100,/gps,1,7,40.2677101667,-111.635483167,1506.7,8.66478777777,1.61442955809,3.4225
1511903762120174573,3312,1511903762119357109,/gps,1,7,40.2677085,-111.635464,1507.5,7.70226222222,1.77674517853,3.4225
1511903762317664052,3313,1511903762316651105,/gps,1,7,40.2677051667,-111.6354455,1507.9,8.27638222222,1.86226631188,3.4225
1511903762515247385,3314,1511903762514345884,/gps,1,7,40.2677011667,-111.6354265,1508.0,8.04642555555,1.87849787392,3.4225
1511903762717360094,3315,1511903762716218948,/gps,1,7,40.2676963333,-111.635408333,1508.1,8.49913666666,1.85580859365,3.4225
1511903762918492646,3316,1511903762917076110,/gps,1,7,40.2676916667,-111.635389,1508.0,8.83146777777,1.86348804235,3.4225
1511903763119944885,3317,1511903763118710994,/gps,1,7,40.2676863333,-111.635368167,1507.6,9.66692555555,1.89560210059,3.4225
1511903763317955041,3318,1511903763316848993,/gps,1,7,40.2676803333,-111.635346167,1507.0,10.0692211111,1.948311044,3.4225
1511903763515685041,3319,1511903763514887094,/gps,1,7,40.2676723333,-111.635323833,1506.4,10.7359411111,2.00677957394,3.4225
1511903763717447072,3320,1511903763716409921,/gps,1,7,40.267664,-111.6353005,1505.7,11.4227244444,2.01899687871,3.4225
1511903763916597906,3321,1511903763914829015,/gps,1,7,40.2676556667,-111.635275167,1505.1,12.0493177778,1.97361831816,3.4225
1511903764123233739,3322,1511903764121876001,/gps,1,7,40.2676483333,-111.635248667,1504.6,12.4387522222,1.87308735324,3.4225
1511903764314828530,3323,1511903764313539981,/gps,1,7,40.267643,-111.635220167,1504.1,12.7721122222,1.76976386152,3.4225
1511903764514237437,3324,1511903764513258934,/gps,1,7,40.2676401667,-111.63519,1503.6,13.2803833333,1.66190251375,3.4225
1511903764714423947,3325,1511903764713355064,/gps,1,7,40.2676393333,-111.635159,1503.0,13.7053144444,1.54863064529,3.4225
1511903764915243947,3326,1511903764913919925,/gps,1,7,40.2676405,-111.635127333,1502.2,13.7238344444,1.50150675549,3.4225
1511903765113871968,3327,1511903765112838983,/gps,1,7,40.2676423333,-111.635094667,1501.2,14.1153266667,1.50395021644,3.4225
1511903765312910040,3328,1511903765311825037,/gps,1,7,40.2676408333,-111.635063,1501.0,15.2208677778,1.53292268203,3.4225
1511903765514003582,3329,1511903765512875080,/gps,1,7,40.2676426667,-111.635026167,1499.9,15.5398233333,1.52367243699,3.4225
1511903765713903165,3330,1511903765712949991,/gps,1,7,40.2676438333,-111.634990167,1499.7,15.6792377778,1.49749249821,3.4225
1511903765915050144,3331,1511903765913763046,/gps,1,7,40.2676448333,-111.634955833,1500.4,14.4095888889,1.49016211535,3.4225
1511903766116418790,3332,1511903766115396976,/gps,1,7,40.267646,-111.634924167,1501.7,13.31588,1.49836516284,3.4225
1511903766315929207,3333,1511903766314903974,/gps,1,7,40.2676456667,-111.634896833,1503.5,11.3285811111,1.56206968053,3.4225
1511903766516141759,3334,1511903766514863967,/gps,1,7,40.2676416667,-111.634875167,1505.7,9.2636011111,1.81130269772,3.4225
1511903766714105769,3335,1511903766713011980,/gps,1,7,40.267637,-111.634853333,1506.8,9.66795444444,1.97693444373,3.4225
1511903766917670404,3336,1511903766916749954,/gps,1,7,40.267628,-111.634836,1508.1,8.53926333333,2.26299390814,3.4225
1511903767116159727,3337,1511903767115381956,/gps,1,7,40.2676171667,-111.634822,1508.8,8.64420999999,2.42949831878,3.4225
1511903767317970196,3338,1511903767316824913,/gps,1,7,40.2676045,-111.63481,1508.9,9.57329666666,2.67419347991,3.4225
1511903767515655560,3339,1511903767514430046,/gps,1,6,40.2675896667,-111.634799667,1508.5,9.53779999999,2.76983752292,3.6864
1511903767714341498,3340,1511903767713246107,/gps,1,6,40.2675728333,-111.634793333,1508.1,9.91231555555,2.96060201016,3.6864
1511903767914647227,3341,1511903767913671970,/gps,1,6,40.2675546667,-111.6347905,1507.0,11.3419566667,3.175626574,3.6864
1511903768113511602,3342,1511903768112318992,/gps,1,6,40.267536,-111.634794167,1506.3,9.70705222221,3.35190482846,3.6864
1511903768315973216,3343,1511903768314826011,/gps,1,6,40.2675195,-111.634802167,1505.2,10.5579433333,3.61841660523,3.6864
1511903768515670039,3344,1511903768514839887,/gps,1,6,40.2675035,-111.634813833,1503.6,12.1769,3.70376320566,3.6864
1511903768714521862,3345,1511903768713771104,/gps,1,6,40.2674893333,-111.634828833,1501.9,12.3492388889,3.9125045842,3.6864
1511903768917119570,3346,1511903768915055990,/gps,1,6,40.2674775,-111.634852833,1501.1,12.5992588889,4.2650610931,3.6864
1511903769115593008,3347,1511903769114466905,/gps,1,6,40.2674723333,-111.6348835,1500.6,13.6137433333,4.61290521302,3.6864
1511903769315704570,3348,1511903769314421892,/gps,1,6,40.2674725,-111.634916833,1500.7,13.42237,4.83351483047,3.6864
1511903769512812851,3349,1511903769511878967,/gps,1,6,40.2674741667,-111.6349495,1501.1,13.03808,4.79791011373,3.6864
1511903769716076393,3350,1511903769715060949,/gps,1,6,40.267476,-111.634980833,1501.9,12.0091911111,4.85358611687,3.6864
1511903769915759101,3351,1511903769914836883,/gps,1,6,40.267478,-111.635009167,1503.0,10.7765822222,4.83700548898,3.6864
1511903770118730039,3352,1511903770117796897,/gps,1,6,40.2674791667,-111.635036,1504.2,10.3285011111,4.82967510612,3.6864
1511903770316162174,3353,1511903770315213918,/gps,1,6,40.2674806667,-111.635061667,1505.0,10.3393044444,4.83683095605,3.6864
1511903770515621080,3354,1511903770514678001,/gps,1,6,40.2674831667,-111.635086167,1505.4,10.3346744444,4.84328867428,3.6864
1511903770717142486,3355,1511903770716063976,/gps,1,6,40.2674858333,-111.635111167,1505.7,10.5049555555,4.85323705102,3.6864
1511903770914409882,3356,1511903770913391113,/gps,1,6,40.2674893333,-111.635136,1505.7,10.5805788889,4.9202576943,3.6864
1511903771116649257,3357,1511903771115468978,/gps,1,6,40.2674933333,-111.635161333,1505.6,10.8444888889,4.93020607103,3.6864
1511903771315034726,3358,1511903771313945055,/gps,1,6,40.2674983333,-111.635186667,1505.3,11.1727044444,4.97122130846,3.6864
1511903771515658580,3359,1511903771514633893,/gps,1,6,40.2675036667,-111.635213,1504.9,11.48703,4.98291501444,3.6864
1511903771715270194,3360,1511903771714248895,/gps,1,6,40.2675108333,-111.635238167,1504.3,11.3831122222,5.0733230697,3.6864
1511903771915510871,3361,1511903771914418935,/gps,1,6,40.2675191667,-111.635263667,1503.7,12.0554911111,5.11398924127,3.6864
1511903772115070038,3362,1511903772114065885,/gps,1,6,40.2675275,-111.635292,1503.6,12.85288,5.12760280943,3.6864
1511903772313476444,3363,1511903772312601089,/gps,1,6,40.267536,-111.635320667,1503.7,12.5894844444,5.08798383541,3.6864
1511903772515511861,3364,1511903772514480113,/gps,1,6,40.2675435,-111.635348667,1504.0,12.1187677778,5.05970950153,3.6864
1511903772715325506,3365,1511903772714375019,/gps,1,6,40.2675488333,-111.6353775,1504.9,11.95466,4.99338698996,3.6864
1511903772915919986,3366,1511903772914931058,/gps,1,6,40.2675536667,-111.635403833,1505.6,10.8028188889,4.92322475403,3.6864
1511903773115064829,3367,1511903773114041090,/gps,1,6,40.2675558333,-111.635429667,1506.6,10.1685088889,4.79599025156,3.6864
1511903773315244569,3368,1511903773314178943,/gps,1,6,40.2675558333,-111.635453833,1507.7,9.50178888888,4.68725623916,3.6864
1511903773515711600,3369,1511903773514771938,/gps,1,6,40.2675538333,-111.635478,1508.9,9.33562333333,4.61307974595,3.6864
1511903773715498579,3370,1511903773714586973,/gps,1,6,40.2675525,-111.635498833,1509.4,8.76253222221,4.55234228798,3.6864
1511903773917827329,3371,1511903773915637016,/gps,1,6,40.2675498333,-111.63552,1510.0,8.85204555555,4.54640816852,3.6864
1511903774115112120,3372,1511903774113368988,/gps,1,6,40.267548,-111.635540667,1510.4,8.60459777777,4.59929164486,3.6864
1511903774316005141,3373,1511903774314265012,/gps,1,6,40.2675453333,-111.6355625,1511.1,8.39418999999,4.58445634621,3.6864
1511903774514547537,3374,1511903774513524055,/gps,1,6,40.2675435,-111.635584167,1511.6,9.00277777777,4.66421789303,3.6864
1511903774721842329,3375,1511903774720684051,/gps,1,7,40.2675428333,-111.635605,1511.8,8.46621222221,4.62983490677,3.4225
1511903774915059099,3376,1511903774914060115,/gps,1,7,40.2675423333,-111.635625167,1512.0,8.46363999999,4.67468986854,3.4225
1511903775115190401,3377,1511903775114202976,/gps,1,7,40.2675436667,-111.635645167,1512.1,8.64420999999,4.81483980748,3.4225
1511903775314460349,3378,1511903775313424110,/gps,1,7,40.2675456667,-111.635665667,1512.3,8.58453444444,4.80855662217,3.4225
1511903775514585922,3379,1511903775513624906,/gps,1,7,40.2675483333,-111.635685833,1512.6,8.25683333333,4.9265408796,3.4225
1511903775714625089,3380,1511903775713582038,/gps,1,7,40.2675521667,-111.6357055,1513.0,8.34788999999,5.04469966996,3.4225
1511903775914016599,3381,1511903775913252115,/gps,1,7,40.267558,-111.635723833,1513.4,7.93684888888,5.14994302386,3.4225
1511903776115222432,3382,1511903776113826036,/gps,1,7,40.2675638333,-111.6357405,1513.8,7.23617555555,5.16373112495,3.4225
1511903776313217276,3383,1511903776312313079,/gps,1,7,40.2675718333,-111.635755667,1514.2,7.73415777777,5.27543219708,3.4225
1511903776514571599,3384,1511903776513703107,/gps,1,7,40.2675806667,-111.635769667,1514.6,7.11888222222,5.36444398893,3.4225
1511903776714434828,3385,1511903776713556051,/gps,1,7,40.2675903333,-111.635781333,1514.9,6.76597333333,5.46270602582,3.4225
1511903776914312276,3386,1511903776913429975,/gps,1,7,40.2675995,-111.635791667,1515.3,6.40843444444,5.56829844556,3.4225
1511903777114854932,3387,1511903777114020109,/gps,1,7,40.2676091667,-111.635800667,1515.9,6.42849777777,5.72363274899,3.4225
1511903777314717223,3388,1511903777313807964,/gps,1,7,40.267619,-111.635807667,1516.3,5.97372888888,5.7978092422,3.4225
1511903777514551286,3389,1511903777513674020,/gps,1,7,40.2676286667,-111.635813167,1516.6,5.85283444444,5.90636872167,3.4225
1511903777713311650,3390,1511903777712311029,/gps,1,7,40.2676388333,-111.635816333,1516.9,5.80036111111,6.00881954877,3.4225
1511903777915934879,3391,1511903777914585113,/gps,1,7,40.2676491667,-111.635817833,1517.0,5.85283444444,6.11702996239,3.4225
1511903778115577848,3392,1511903778114495038,/gps,1,7,40.2676595,-111.635818333,1517.1,5.64036888888,6.20796161642,3.4225
1511903778314770504,3393,1511903778313302040,/gps,1,7,40.2676696667,-111.635819,1517.3,6.34618666666,6.2819635767,3.4225
1511903778514709515,3394,1511903778513300895,/gps,1,7,40.2676815,-111.635817333,1517.3,6.50566444444,0.052534410485,3.4225
1511903778715786598,3395,1511903778714750051,/gps,1,7,40.267693,-111.635815167,1517.3,6.56173888888,0.118333323285,3.4225
1511903778916685973,3396,1511903778914968013,/gps,1,7,40.267705,-111.635811333,1517.3,6.72687555555,0.19268434942,3.4225
1511903779114378421,3397,1511903779112375974,/gps,1,7,40.2677178333,-111.635805,1517.1,7.04737444444,0.265464579228,3.4225
1511903779316616181,3398,1511903779314883947,/gps,1,7,40.2677305,-111.635798333,1517.1,7.04531666666,0.322711378694,3.4225
1511903779514552379,3399,1511903779513381958,/gps,1,7,40.2677421667,-111.635791833,1517.3,7.22382888888,0.362155819789,3.4225
1511903779714222535,3400,1511903779713166952,/gps,1,7,40.267754,-111.635784,1517.4,6.90538777777,0.418180888778,3.4225
1511903779914245868,3401,1511903779912975072,/gps,1,7,40.2677646667,-111.635776,1517.6,6.70321111111,0.470540766338,3.4225
1511903780115286597,3402,1511903780114200115,/gps,1,7,40.2677748333,-111.6357675,1517.9,6.43106999999,0.524645973149,3.4225
1511903780314072014,3403,1511903780312943935,/gps,1,7,40.2677841667,-111.635759,1518.2,6.19493999999,0.57334065928,3.4225
1511903780513546701,3404,1511903780512526988,/gps,1,7,40.2677926667,-111.635750667,1518.6,6.09925333333,0.619591884458,3.4225
1511903780716029201,3405,1511903780714999914,/gps,1,7,40.2678005,-111.635742167,1519.0,5.93514555555,0.666017642561,3.4225
1511903780915818889,3406,1511903780914716005,/gps,1,7,40.2678086667,-111.6357325,1518.9,5.26688222222,0.709476340936,3.4225
1511903781115780087,3407,1511903781114669084,/gps,1,7,40.2678151667,-111.635723833,1519.2,5.50455555555,0.75293503931,3.4225
1511903781315889305,3408,1511903781314851045,/gps,1,7,40.2678218333,-111.635713833,1519.2,5.47111666666,0.833045651977,3.4225
1511903781515682638,3409,1511903781514899969,/gps,1,7,40.2678275,-111.635703,1519.2,6.10902777777,0.912981731718,3.4225
1511903781720493888,3410,1511903781719506025,/gps,1,7,40.2678326667,-111.635691333,1519.2,6.01128333333,0.974068255538,3.4225
1511903781911863263,3411,1511903781911087036,/gps,1,7,40.2678388333,-111.635677667,1518.8,6.88017999999,1.03847090494,3.4225
1511903782115078732,3412,1511903782114006042,/gps,1,7,40.2678436667,-111.6356625,1518.7,7.2310311111,1.1379546723,3.4225
1511903782314210503,3413,1511903782313456058,/gps,1,7,40.2678466667,-111.635646667,1518.8,7.52837999999,1.21911248252,3.4225
1511903782514566336,3414,1511903782513689994,/gps,1,7,40.2678493333,-111.635629833,1518.5,7.7820011111,1.33657314118,3.4225
1511903782714189721,3415,1511903782713118076,/gps,1,7,40.2678496667,-111.635613333,1518.6,7.61789333333,1.43082092078,3.4225
1511903782914197169,3416,1511903782913151025,/gps,1,7,40.267849,-111.6355965,1518.8,7.42651999999,1.52384696992,3.4225
1511903783114294669,3417,1511903783113426923,/gps,1,7,40.2678468333,-111.635580167,1518.9,7.22948777777,1.64095856273,3.4225
1511903783313016752,3418,1511903783312213897,/gps,1,7,40.2678428333,-111.635563667,1519.1,7.6940311111,1.76487693962,3.4225
1511903783515035242,3419,1511903783513881921,/gps,1,7,40.2678365,-111.635548333,1519.5,7.50831666666,1.91497525529,3.4225
1511903783721374981,3420,1511903783720277070,/gps,1,7,40.267829,-111.635534667,1519.9,7.08955888888,2.05111093694,3.4225
1511903783916241283,3421,1511903783914489984,/gps,1,7,40.2678208333,-111.635521333,1520.0,7.60503222222,2.19614779778,3.4225
1511903784116666700,3422,1511903784114826917,/gps,1,7,40.2678123333,-111.635509833,1519.9,7.66573666666,2.37207698639,3.4225
1511903784316781960,3423,1511903784314765930,/gps,1,7,40.2678013333,-111.635500167,1519.9,7.73724444444,2.48761778287,3.4225
1511903784513813106,3424,1511903784512972116,/gps,1,7,40.2677896667,-111.635492833,1519.8,7.66264999999,2.68134932984,3.4225
1511903784713114721,3425,1511903784712353944,/gps,1,7,40.2677758333,-111.635488333,1519.8,8.09015333333,2.9504791005,3.4225
1511903784914961075,3426,1511903784914005994,/gps,1,7,40.2677616667,-111.635486833,1519.9,7.70174777777,3.03128784486,3.4225
1511903785114931075,3427,1511903785114104032,/gps,1,7,40.2677485,-111.635488167,1519.8,7.47590666666,3.13897465971,3.4225
1511903785314172325,3428,1511903785313285112,/gps,1,7,40.2677356667,-111.635493,1519.5,7.75730777777,3.30321014232,3.4225
1511903785514438158,3429,1511903785513449907,/gps,1,7,40.2677235,-111.6355015,1519.4,7.77788555555,3.497639821,3.4225
1511903785716033731,3430,1511903785715234041,/gps,1,7,40.2677126667,-111.635513,1519.1,8.00989999999,3.88283398691,3.4225
1511903785916261699,3431,1511903785914951086,/gps,1,7,40.267704,-111.635527167,1518.9,7.88540444444,3.98703014326,3.4225
1511903786114920241,3432,1511903786113862037,/gps,1,7,40.267698,-111.6355425,1518.7,7.41880333333,4.13189247117,3.4225
1511903786315295397,3433,1511903786314148902,/gps,1,7,40.2676945,-111.635558667,1518.5,7.2171411111,4.30694899515,3.4225
1511903786516583053,3434,1511903786515324115,/gps,1,7,40.267693,-111.6355755,1518.5,7.11785333333,4.47205714239,3.4225
1511903786715782011,3435,1511903786714886903,/gps,1,7,40.2676931667,-111.6355925,1518.8,6.76031444444,4.67067561126,3.4225
1511903786914830241,3436,1511903786913969993,/gps,1,7,40.2676951667,-111.635609667,1519.3,7.09007333333,4.87435553497,3.4225
1511903787116163001,3437,1511903787115282058,/gps,1,7,40.2677001667,-111.635624,1519.2,6.17076111111,5.01345827635,3.4225
1511903787318477011,3438,1511903787317234039,/gps,1,7,40.2677058333,-111.635637333,1519.5,6.27313555555,5.2326716304,3.4225
1511903787515454824,3439,1511903787514442920,/gps,1,7,40.2677133333,-111.635648333,1519.7,6.11417222222,5.40807722023,3.4225
1511903787716091490,3440,1511903787715054035,/gps,1,7,40.267722,-111.635656667,1519.7,5.77669666666,5.6025068989,3.4225
1511903787916376282,3441,1511903787915277957,/gps,1,7,40.2677318333,-111.635662833,1519.8,6.20780111111,5.77511996192,3.4225
1511903788115226073,3442,1511903788114379882,/gps,1,7,40.267742,-111.635667,1519.8,5.61979111111,5.8871700999,3.4225
1511903788315876073,3443,1511903788314752101,/gps,1,7,40.2677526667,-111.635669667,1519.8,5.83842999999,5.98386134046,3.4225
1511903788515766073,3444,1511903788514707088,/gps,1,7,40.267763,-111.635671833,1519.8,5.65734555555,6.05541983979,3.4225
1511903788714924250,3445,1511903788714158058,/gps,1,7,40.2677733333,-111.635673,1519.8,5.82299666666,6.12069515382,3.4225
1511903788917629094,3446,1511903788915792942,/gps,1,7,40.267784,-111.635673833,1519.8,5.93463111111,6.17165876798,3.4225
1511903789116846177,3447,1511903789114880084,/gps,1,7,40.267795,-111.635674167,1519.8,5.92125555555,6.22401864554,3.4225
1511903789314658208,3448,1511903789313803911,/gps,1,7,40.267806,-111.6356735,1519.7,5.81785222222,6.27166613412,3.4225
1511903789514881125,3449,1511903789513789892,/gps,1,7,40.267817,-111.635671833,1519.5,5.29414777777,0.0193731546971,3.4225
1511903789715577583,3450,1511903789714499950,/gps,1,7,40.267828,-111.635669667,1519.4,6.14246666666,0.107163216072,3.4225
1511903789914621698,3451,1511903789913575887,/gps,1,7,40.2678388333,-111.635666333,1519.5,6.08639222222,0.179768912955,3.4225
1511903790114333469,3452,1511903790113405942,/gps,1,7,40.26785,-111.6356615,1519.4,6.31274777777,0.246789556232,3.4225
1511903790315315708,3453,1511903790314224958,/gps,1,7,40.2678611667,-111.635655833,1519.3,6.22529222222,0.296007841138,3.4225
1511903790515451958,3454,1511903790514372110,/gps,1,7,40.2678723333,-111.635648333,1519.0,6.41923777777,0.392524548774,3.4225
1511903790716321437,3455,1511903790715256929,/gps,1,7,40.2678815,-111.63564,1519.1,6.13320666666,0.518362787842,3.4225
1511903790915797791,3456,1511903790914767980,/gps,1,7,40.2678896667,-111.635629667,1519.0,6.43364222222,0.662876049907,3.4225
1511903791114901020,3457,1511903791113837003,/gps,1,7,40.2678966667,-111.6356175,1519.0,6.86834777777,0.803549587618,3.4225
1511903791315497270,3458,1511903791313965082,/gps,1,7,40.2679018333,-111.635604167,1519.2,6.89921444444,0.944572191179,3.4225
1511903791513561958,3459,1511903791512525081,/gps,1,7,40.2679055,-111.635589333,1519.3,7.24594999999,1.10374621896,3.4225
1511903791715998364,3460,1511903791715171098,/gps,1,7,40.2679078333,-111.635572667,1519.1,7.29687999999,1.2709487613,3.4225
1511903791915101853,3461,1511903791913896083,/gps,1,7,40.2679085,-111.635554333,1518.9,8.08037888888,1.52838482597,3.4225
1511903792115037947,3462,1511903792113986015,/gps,1,7,40.2679073333,-111.635535833,1518.9,7.78251555555,1.60291038503,3.4225
1511903792315016280,3463,1511903792313944101,/gps,1,7,40.267903,-111.635517833,1518.9,8.34583222222,1.93975893067,3.4225
1511903792515789041,3464,1511903792514676094,/gps,1,7,40.2678963333,-111.635500333,1518.8,8.20538888888,2.07153128919,3.4225
1511903792719820811,3465,1511903792718827962,/gps,1,7,40.2678871667,-111.635485333,1519.0,8.10455777777,2.26229577644,3.4225
1511903792912328051,3466,1511903792911539077,/gps,1,7,40.2678758333,-111.635472333,1519.1,8.36023666666,2.46667383184,3.4225
1511903793114463728,3467,1511903793113429069,/gps,1,7,40.2678626667,-111.6354625,1519.3,8.06494555555,2.67646240793,3.4225
1511903793314551436,3468,1511903793313628911,/gps,1,7,40.2678493333,-111.635455167,1519.4,7.89672222222,2.71835030998,3.4225
1511903793513345342,3469,1511903793512456893,/gps,1,7,40.2678348333,-111.635449833,1519.4,8.60305444444,2.93145501165,3.4225
1511903793714503832,3470,1511903793713712930,/gps,1,7,40.2678191667,-111.635449333,1519.5,8.55572555555,3.20739156639,3.4225
1511903793915597113,3471,1511903793913917064,/gps,1,7,40.2678051667,-111.635452,1519.4,7.93684888888,3.29012017293,3.4225
1511903794115706644,3472,1511903794113961935,/gps,1,7,40.2677918333,-111.635458833,1519.6,7.50934555555,3.4325390399,3.4225
1511903794311795759,3473,1511903794311006069,/gps,1,7,40.267782,-111.635466667,1519.2,7.20273666666,3.59328386401,3.4225
1511903794514142113,3474,1511903794513344049,/gps,1,7,40.2677726667,-111.635479,1519.4,7.13122888888,3.80621403275,3.4225
1511903794714483519,3475,1511903794713701009,/gps,1,7,40.2677661667,-111.6354925,1519.3,6.88995444444,3.99697851999,3.4225
1511903794914961071,3476,1511903794914124965,/gps,1,7,40.2677616667,-111.635507333,1519.2,6.85497222222,4.1971677852,3.4225
1511903795116562425,3477,1511903795115605115,/gps,1,7,40.2677593333,-111.635523333,1519.2,6.85342888888,4.41428674414,3.4225
1511903795315728310,3478,1511903795314810037,/gps,1,7,40.2677598333,-111.63554,1519.2,6.84468333333,4.65042979194,3.4225
1511903795514789039,3479,1511903795513838052,/gps,1,7,40.2677625,-111.635556667,1519.3,7.03091222222,4.86353449361,3.4225
1511903795713735706,3480,1511903795712622880,/gps,1,7,40.2677678333,-111.635571667,1519.2,6.89509888888,5.08868196711,3.4225
1511903795917558935,3481,1511903795916594028,/gps,1,7,40.267776,-111.635584,1519.1,6.87246333333,5.33756591845,3.4225
1511903796116494404,3482,1511903796115349054,/gps,1,7,40.2677863333,-111.635593167,1519.0,6.97586666666,5.604601294,3.4225
1511903796316093779,3483,1511903796315201044,/gps,1,7,40.2677973333,-111.6356005,1519.2,7.34112222222,5.83184316261,3.4225
1511903796515365289,3484,1511903796514575958,/gps,1,7,40.267811,-111.635603333,1519.0,7.64412999999,6.02644737421,3.4225
1511903796714863831,3485,1511903796713804006,/gps,1,7,40.2678241667,-111.6356025,1519.1,7.79331888888,6.25543457207,3.4225
1511903796914679247,3486,1511903796913603067,/gps,1,7,40.2678381667,-111.6355955,1519.0,8.84278555555,0.421846080207,3.4225
1511903797113242320,3487,1511903797112214088,/gps,1,7,40.2678488333,-111.635582667,1519.0,8.39470444444,0.867952237017,3.4225
1511903797315303310,3488,1511903797314270973,/gps,1,7,40.2678558333,-111.635566,1519.1,8.94207333333,1.12032684686,3.4225
1511903797515009664,3489,1511903797514082908,/gps,1,7,40.2678611667,-111.635546167,1519.0,9.10515222221,1.29590696961,3.4225
1511903797715144924,3490,1511903797714186906,/gps,1,7,40.2678638333,-111.6355255,1518.9,8.99608999999,1.46520390705,3.4225
1511903797914936330,3491,1511903797914182901,/gps,1,7,40.2678625,-111.6355035,1518.8,9.78627666666,1.73189021675,3.4225
1511903798115272059,3492,1511903798114332914,/gps,1,7,40.2678581667,-111.635481833,1518.9,9.38706777777,1.84394035473,3.4225
1511903798315611486,3493,1511903798314593076,/gps,1,7,40.267852,-111.635462,1518.9,9.62679888888,1.99037347897,3.4225
1511903798513644767,3494,1511903798512567996,/gps,1,7,40.2678448333,-111.635441667,1519.0,9.77341555555,1.97501458156,3.4225
1511903798715398622,3495,1511903798714346885,/gps,1,7,40.2678396667,-111.635420167,1518.9,9.36237444444,1.90659767488,3.4225
1511903798915672996,3496,1511903798913938045,/gps,1,7,40.2678341667,-111.635398833,1519.0,9.72762999999,1.89769649569,3.4225
1511903799115509403,3497,1511903799113404035,/gps,1,7,40.267829,-111.6353765,1519.0,9.82743222221,1.87221468861,3.4225
1511903799314255392,3498,1511903799313446998,/gps,1,7,40.2678238333,-111.635354333,1519.3,9.92363333332,1.85039807296,3.4225
1511903799514144090,3499,1511903799513173103,/gps,1,7,40.2678195,-111.635332167,1519.7,9.31658888888,1.82962865487,3.4225
1511903799714113517,3500,1511903799713327884,/gps,1,7,40.2678156667,-111.635311333,1520.3,8.61025666666,1.80449591364,3.4225
1511903799912227215,3501,1511903799911156892,/gps,1,7,40.2678128333,-111.635293,1520.9,7.17855777777,1.78110850166,3.4225
1511903800113911017,3502,1511903800112797021,/gps,1,7,40.2678106667,-111.635277667,1521.7,6.38168333333,1.75754655676,3.4225
1511903800313479090,3503,1511903800312412023,/gps,1,7,40.2678096667,-111.635264667,1522.4,4.97159111111,1.70571027797,3.4225
1511903800513488204,3504,1511903800512428998,/gps,1,7,40.2678093333,-111.6352535,1522.9,4.65006333333,1.7107717328,3.4225
1511903800713564558,3505,1511903800712781906,/gps,1,7,40.2678083333,-111.635243167,1523.4,4.39026888889,1.73607900696,3.4225
1511903800913845652,3506,1511903800912661075,/gps,1,7,40.267807,-111.635233833,1523.6,4.05588,1.7910568784,3.4225
1511903801113664141,3507,1511903801112588882,/gps,1,7,40.2678055,-111.635225333,1523.7,3.78425333333,1.80013259051,3.4225
1511903801313847996,3508,1511903801312859058,/gps,1,7,40.2678038333,-111.635216667,1523.7,4.07800111111,1.85074713881,3.4225
1511903801514243308,3509,1511903801513174057,/gps,1,7,40.267802,-111.635207333,1523.3,4.11761333333,1.90101262127,3.4225
1511903801714204922,3510,1511903801713291883,/gps,1,7,40.2677981667,-111.635198167,1523.1,4.94586888888,1.97728350958,3.4225
1511903801914785079,3511,1511903801914009094,/gps,1,7,40.2677938333,-111.635187667,1522.4,5.21286555555,2.0577431881,3.4225
1511903802113895651,3512,1511903802113001108,/gps,1,7,40.2677881667,-111.635175833,1521.6,6.27313555555,2.09474416824,3.4225
1511903802314102110,3513,1511903802313247919,/gps,1,7,40.2677815,-111.635162333,1520.7,7.19604888888,2.17904357111,3.4225
1511903802514227839,3514,1511903802513230085,/gps,1,7,40.267773,-111.635147167,1519.8,8.58144777777,2.2322761133,3.4225
1511903802714356485,3515,1511903802713464021,/gps,1,7,40.2677625,-111.635129167,1519.2,10.3974366667,2.16595360172,3.4225
1511903802915083568,3516,1511903802914201021,/gps,1,7,40.267752,-111.635107833,1518.8,10.9890477778,2.12755635818,3.4225
1511903803113933932,3517,1511903803112886905,/gps,1,7,40.2677413333,-111.635087167,1518.9,10.5183311111,2.19352980391,3.4225
1511903803314254974,3518,1511903803313361883,/gps,1,7,40.2677306667,-111.6350685,1519.2,9.56763777777,2.25409272895,3.4225
1511903803513691588,3519,1511903803512715101,/gps,1,7,40.2677188333,-111.635053167,1519.7,9.01049444444,2.41326675673,3.4225
1511903803715091328,3520,1511903803714199066,/gps,1,7,40.2677061667,-111.635040833,1520.1,8.78722555555,2.59006860996,3.4225
1511903803914369297,3521,1511903803912756919,/gps,1,7,40.2676935,-111.635031333,1520.4,7.93581999999,2.72166643556,3.4225
1511903804114937369,3522,1511903804113285064,/gps,1,7,40.2676816667,-111.635025167,1520.6,6.97586666666,2.8036969104,3.4225
1511903804315807005,3523,1511903804314054965,/gps,1,7,40.267669,-111.6350225,1520.7,7.88077444444,2.95135176512,3.4225
1511903804516062109,3524,1511903804515239000,/gps,1,7,40.2676551667,-111.635023,1520.8,8.03047777777,3.24613787578,3.4225
1511903804714924921,3525,1511903804714123010,/gps,1,7,40.2676406667,-111.635027,1520.9,8.21567777777,3.41438761568,3.4225
1511903804914840025,3526,1511903804913822889,/gps,1,7,40.2676265,-111.635033667,1520.9,8.4857611111,3.54005132182,3.4225
1511903805116151692,3527,1511903805115096092,/gps,1,7,40.2676138333,-111.635041833,1520.5,8.5366911111,3.71091905559,3.4225
1511903805311247994,3528,1511903805310163021,/gps,1,6,40.2676021667,-111.6350535,1520.3,8.38801666666,3.85717764691,4.4944
1511903805512859556,3529,1511903805511555910,/gps,1,6,40.2675923333,-111.6350685,1520.2,8.53257555555,4.08721204232,4.4944
1511903805713291223,3530,1511903805712307929,/gps,1,6,40.267584,-111.635085333,1520.1,8.57784666666,4.13049620777,4.4944
1511903805914358775,3531,1511903805913187026,/gps,1,6,40.2675768333,-111.635103833,1520.1,8.71571777777,4.30625086345,4.4944
1511903806114267525,3532,1511903806113090038,/gps,1,6,40.267573,-111.635122667,1520.2,8.38132888888,4.48060925572,4.4944
1511903806314719921,3533,1511903806313476085,/gps,1,7,40.2675706667,-111.6351415,1520.6,7.84270555555,4.53157286988,3.4225
1511903806514033983,3534,1511903806513197898,/gps,1,7,40.267571,-111.635158167,1520.9,7.02422444444,4.62756597874,3.4225
1511903806712916900,3535,1511903806712068080,/gps,1,7,40.2675718333,-111.6351745,1521.3,6.60546666666,4.73123853631,3.4225
1511903806914534660,3536,1511903806913487911,/gps,1,7,40.267574,-111.635189833,1521.7,6.46862444444,4.84171787796,3.4225
1511903807115649972,3537,1511903807114869117,/gps,1,7,40.267577,-111.635204333,1522.0,6.20111333333,4.9036770664,3.4225
1511903807321208618,3538,1511903807320233106,/gps,1,7,40.2675806667,-111.6352185,1522.0,6.49383222222,4.98099515227,3.4225
1511903807515440858,3539,1511903807514491081,/gps,1,7,40.2675855,-111.635232667,1522.1,6.69703777777,5.07175227337,3.4225
1511903807720659660,3540,1511903807719499111,/gps,1,7,40.2675903333,-111.635248,1522.0,7.13225777777,5.098281278,3.4225
1511903807916111639,3541,1511903807914983034,/gps,1,7,40.2675956667,-111.635263667,1521.9,7.46098777777,5.12428668386,3.4225
1511903808119149555,3542,1511903808117925882,/gps,1,7,40.267601,-111.635280667,1521.7,7.78611666666,5.12899907284,3.4225
1511903808315815962,3543,1511903808314515113,/gps,1,7,40.2676063333,-111.635298333,1521.7,8.29181555555,5.07646466235,3.4225
1511903808521621066,3544,1511903808520531892,/gps,1,7,40.2676116667,-111.6353175,1521.8,8.65501333333,5.06913427949,3.4225
1511903808715779503,3545,1511903808714952945,/gps,1,7,40.2676161667,-111.635337167,1521.9,8.85513222221,4.97104677553,3.4225
1511903808926934607,3546,1511903808925204992,/gps,1,7,40.2676191667,-111.635355833,1521.7,8.81603444444,4.86510528993,3.4225
1511903809118253305,3547,1511903809117082118,/gps,1,7,40.2676205,-111.635376333,1522.0,8.70542888888,4.75026262515,3.4225
1511903809323941170,3548,1511903809323105096,/gps,1,7,40.2676205,-111.635393167,1521.9,8.1431411111,4.65880737235,3.4225
1511903809515197576,3549,1511903809514317035,/gps,1,7,40.267619,-111.635412333,1522.3,8.09889888888,4.57904582553,3.4225
1511903809722466638,3550,1511903809721642971,/gps,1,7,40.267616,-111.635427833,1522.7,7.44658333333,4.55199322213,3.4225
1511903809916620857,3551,1511903809915838003,/gps,1,7,40.2676125,-111.635443667,1523.2,6.93265333333,4.51150158348,3.4225
1511903810116715961,3552,1511903810115669012,/gps,1,7,40.267609,-111.635458833,1523.9,6.45267666666,4.4811328545,3.4225
1511903810316004607,3553,1511903810315172910,/gps,1,7,40.2676055,-111.635472333,1524.4,5.82196777777,4.44797159871,3.4225
1511903810517413669,3554,1511903810516485929,/gps,1,7,40.2676025,-111.635485333,1525.0,5.44230777777,4.4603634364,3.4225
1511903810720442992,3555,1511903810719463109,/gps,1,7,40.2676005,-111.635496833,1525.5,4.84298,4.50015694334,3.4225
1511903810913336325,3556,1511903810912513017,/gps,1,7,40.2675986667,-111.6355075,1525.9,4.50653333333,4.49317562633,3.4225
1511903811114856221,3557,1511903811114023923,/gps,1,7,40.2675971667,-111.635518,1526.2,4.63,4.55408761723,3.4225
1511903811314623981,3558,1511903811313834905,/gps,1,7,40.2675971667,-111.6355285,1526.2,4.50550444444,4.68935063426,3.4225
1511903811514626742,3559,1511903811513756036,/gps,1,7,40.2675988333,-111.635539333,1526.2,4.88773666666,4.86335996068,3.4225
1511903811714818564,3560,1511903811713999032,/gps,1,7,40.2676023333,-111.635550667,1526.0,5.40578222222,5.05150645405,3.4225
1511903811915215075,3561,1511903811914439916,/gps,1,7,40.2676066667,-111.635563,1525.8,5.81322222222,5.14837222753,3.4225
1511903812115320543,3562,1511903812114470005,/gps,1,7,40.2676123333,-111.6355755,1525.5,6.34567222222,5.25623357531,3.4225
1511903812314026116,3563,1511903812312860012,/gps,1,7,40.2676203333,-111.635586667,1525.0,6.73767888888,5.38451527533,3.4225
1511903812515671116,3564,1511903812514296054,/gps,1,7,40.2676295,-111.635598,1524.8,7.24131999999,5.49970700596,3.4225
1511903812716846064,3565,1511903812715828895,/gps,1,7,40.2676405,-111.635608833,1524.9,7.60297444444,5.63060669986,3.4225
1511903812918864918,3566,1511903812917692899,/gps,1,7,40.2676531667,-111.635617333,1524.9,7.41571666666,5.72380728192,3.4225
1511903813119955595,3567,1511903813118896961,/gps,1,7,40.2676653333,-111.6356245,1525.1,7.15540777777,5.83498475527,3.4225
1511903813319311012,3568,1511903813318470954,/gps,1,7,40.2676778333,-111.635629333,1525.4,7.17958666666,5.9730402991,3.4225
1511903813518822678,3569,1511903813517740011,/gps,1,7,40.2676898333,-111.635632,1525.8,6.72738999999,6.08090164687,3.4225
1511903813716319866,3570,1511903813715235948,/gps,1,7,40.2677015,-111.635632333,1526.1,6.45730666666,6.21633919683,3.4225
1511903813918821428,3571,1511903813917298078,/gps,1,7,40.2677123333,-111.635631333,1526.7,6.28188111111,0.0445058959259,3.4225
1511903814118386480,3572,1511903814117324113,/gps,1,7,40.2677225,-111.635628333,1527.0,5.47266,0.144513262065,3.4225
1511903814315903876,3573,1511903814314798116,/gps,1,7,40.2677313333,-111.635624,1527.2,4.79873777777,0.233699586842,3.4225
1511903814518204501,3574,1511903814517152070,/gps,1,7,40.2677413333,-111.6356175,1527.2,5.24527555555,0.347320521147,3.4225
1511903814716893095,3575,1511903814715627908,/gps,1,7,40.2677518333,-111.6356095,1526.8,5.62339222222,0.425162205786,3.4225
1511903814918757365,3576,1511903814917584896,/gps,1,7,40.2677621667,-111.635601667,1526.7,5.94491999999,0.483979801578,3.4225
1511903815117650074,3577,1511903815116553068,/gps,1,7,40.267773,-111.635592,1526.2,6.20008444444,0.544717259547,3.4225
1511903815317805699,3578,1511903815316824913,/gps,1,7,40.2677835,-111.635582167,1525.9,6.71864444444,0.607025513844,3.4225
1511903815516186323,3579,1511903815515202045,/gps,1,7,40.2677921667,-111.635572,1525.9,6.85394333333,0.734609082164,3.4225
1511903815717458459,3580,1511903815716629981,/gps,1,7,40.2678003333,-111.635559667,1525.9,7.52169222222,0.832347520276,3.4225
1511903815918609605,3581,1511903815917397022,/gps,1,7,40.2678078333,-111.6355455,1525.5,7.44966999999,0.930435024238,3.4225
1511903816118327469,3582,1511903816117305994,/gps,1,7,40.2678131667,-111.63553,1525.4,8.20435999999,1.20933863871,3.4225
1511903816317077521,3583,1511903816315757036,/gps,1,7,40.2678168333,-111.635511,1525.2,8.9858011111,1.38003183955,3.4225
1511903816516454240,3584,1511903816515491962,/gps,1,7,40.2678195,-111.635489833,1524.8,9.45548888888,1.45909525467,3.4225
1511903816716423615,3585,1511903816715308904,/gps,1,7,40.2678185,-111.635468,1524.6,10.0157188889,1.67185089049,3.4225
1511903816916329500,3586,1511903816915261030,/gps,1,7,40.2678156667,-111.635443667,1524.0,10.3274722222,1.82247280493,3.4225
1511903817118884812,3587,1511903817117809057,/gps,1,7,40.2678093333,-111.635419833,1523.6,11.1361788889,1.98059963516,3.4225
1511903817318718771,3588,1511903817317467927,/gps,1,7,40.2678001667,-111.635396167,1523.4,11.2889688889,2.09823482675,3.4225
1511903817517750906,3589,1511903817516402959,/gps,1,7,40.2677881667,-111.635374,1523.3,11.6742877778,2.20225645017,3.4225
1511903817715247885,3590,1511903817714128971,/gps,1,7,40.267775,-111.635352333,1523.2,11.7030966667,2.24013009493,3.4225
1511903817916858250,3591,1511903817915678024,/gps,1,7,40.2677656667,-111.635324833,1521.5,13.0987844444,2.16211387737,3.4225
1511903818118212781,3592,1511903818117088079,/gps,1,7,40.2677553333,-111.635295833,1520.0,13.5556111111,2.1893410137,3.4225
1511903818318376479,3593,1511903818317234039,/gps,1,7,40.26774,-111.6352725,1519.3,12.8384755555,2.3596851487,3.4225
1511903818522833406,3594,1511903818521867036,/gps,1,7,40.267722,-111.635253167,1518.5,13.0874666667,2.47889113661,3.4225
1511903818715226895,3595,1511903818714142084,/gps,1,7,40.2677016667,-111.635238333,1517.7,13.15846,2.7358036025,3.4225
1511903818918798041,3596,1511903818916421890,/gps,1,7,40.2676766667,-111.635231167,1517.3,14.5767833333,3.01575441452,3.4225
1511903819113742312,3597,1511903819112782001,/gps,1,7,40.2676495,-111.6352335,1517.0,15.3108955555,3.3030356094,3.4225
1511903819313909707,3598,1511903819312921047,/gps,1,6,40.2676263333,-111.635245333,1516.6,14.0114088889,3.61475141381,4.4944
1511903819514113561,3599,1511903819513052940,/gps,1,6,40.2676098333,-111.635266167,1516.3,12.9171855555,4.02315845877,4.4944
1511903819715149343,3600,1511903819714159011,/gps,1,6,40.2676016667,-111.6352935,1515.9,12.30191,4.44744799993,4.4944
1511903819914391113,3601,1511903819913358926,/gps,1,6,40.2676025,-111.635322667,1515.2,12.4042844444,4.83979801578,4.4944
1511903820115919447,3602,1511903820114537954,/gps,1,6,40.2676123333,-111.6353515,1514.7,13.4784444444,5.26513475449,4.4944
1511903820314401322,3603,1511903820313515901,/gps,1,7,40.2676271667,-111.6353755,1514.6,12.6388711111,5.4944710182,3.4225
1511903820514152467,3604,1511903820513386011,/gps,1,7,40.2676433333,-111.635394333,1515.3,11.9495155555,5.71682596491,3.4225
1511903820716050488,3605,1511903820714672088,/gps,1,7,40.267662,-111.635408333,1516.2,12.2530377778,5.88751916575,3.4225
1511903820918062676,3606,1511903820916773080,/gps,1,7,40.267677,-111.6354145,1517.3,7.66007777777,6.20150389819,3.4225
1511903821116208092,3607,1511903821115140914,/gps,1,7,40.2676885,-111.6354145,1518.5,6.15378444444,0.0190240888467,3.4225
1511903821315447884,3608,1511903821314363002,/gps,1,7,40.2676986667,-111.635412167,1519.2,4.54923222222,0.0977384381117,3.4225
1511903821515815384,3609,1511903821514620065,/gps,1,7,40.267707,-111.635409,1519.4,3.70245666666,0.165282680164,3.4225
1511903821720895019,3610,1511903821718698024,/gps,1,7,40.2677138333,-111.635405333,1519.9,5.11512111111,0.39776053653,3.4225
1511903821914882571,3611,1511903821913763999,/gps,1,7,40.2677208333,-111.635399833,1520.2,4.69121888888,0.496022573417,3.4225
1511903822118890383,3612,1511903822117470026,/gps,1,7,40.267727,-111.635393833,1520.6,5.26996888888,0.601091394387,3.4225
1511903822318147571,3613,1511903822316965103,/gps,1,7,40.2677333333,-111.635387,1520.6,5.31935555555,0.676489618073,3.4225
1511903822516790904,3614,1511903822515558958,/gps,1,7,40.2677391667,-111.635380333,1520.7,5.36205444444,0.704763951955,3.4225
1511903822716533717,3615,1511903822715379953,/gps,1,7,40.2677438333,-111.635374,1520.9,5.38880555555,0.763581547748,3.4225
1511903822917698821,3616,1511903822916644096,/gps,1,7,40.2677503333,-111.635364667,1520.6,5.81322222222,0.777718714689,3.4225
1511903823118577050,3617,1511903823117356061,/gps,1,7,40.2677563333,-111.635356,1520.6,6.09256555555,0.76166168557,3.4225
1511903823315260487,3618,1511903823314176082,/gps,1,7,40.2677648333,-111.635345167,1520.1,7.02679666666,0.757647428291,3.4225
1511903823518105279,3619,1511903823517009019,/gps,1,7,40.2677748333,-111.635333333,1519.5,7.4393811111,0.722217244475,3.4225
1511903823716436477,3620,1511903823715305089,/gps,1,7,40.2677853333,-111.635322,1519.3,8.40602222221,0.641757565958,3.4225
1511903823919258299,3621,1511903823917237043,/gps,1,7,40.2677963333,-111.6353105,1519.3,8.55006666666,0.632507320923,3.4225
1511903824119093820,3622,1511903824117218971,/gps,1,7,40.2678085,-111.635299,1519.2,8.34531777777,0.601265927312,3.4225
1511903824318292778,3623,1511903824316391944,/gps,1,7,40.2678206667,-111.635288667,1519.4,8.16526222222,0.540703002268,3.4225
1511903824517990539,3624,1511903824516963005,/gps,1,7,40.267834,-111.635279333,1519.6,8.37824222221,0.455705467696,3.4225
1511903824715071424,3625,1511903824713900089,/gps,1,7,40.2678481667,-111.635270833,1519.7,8.59636666666,0.417482757077,3.4225
1511903824916589132,3626,1511903824915225982,/gps,1,7,40.2678643333,-111.635262667,1519.3,8.37155444444,0.309272343453,3.4225
1511903825130144445,3627,1511903825129136085,/gps,1,8,40.26788,-111.635256667,1519.4,8.88548444444,0.295833308213,2.9241
1511903825316016997,3628,1511903825315241098,/gps,1,8,40.2678973333,-111.6352505,1518.9,8.73835333333,0.229859862488,2.9241
1511903825517442465,3629,1511903825516311883,/gps,1,8,40.2679121667,-111.635251,1519.2,8.8515311111,6.15717253519,2.9241
1511903825715191788,3630,1511903825714306116,/gps,1,7,40.2679271667,-111.635257333,1519.2,8.84792999999,5.8885663633,3.24
1511903825915252622,3631,1511903825914412021,/gps,1,7,40.2679403333,-111.6352695,1519.1,9.44159888888,5.61838939509,3.24
1511903826114530174,3632,1511903826113595008,/gps,1,7,40.2679498333,-111.635287,1519.1,9.19569444444,5.25605904238,3.24
1511903826315219184,3633,1511903826314052104,/gps,1,7,40.267956,-111.635307,1518.6,9.50075999999,4.9687778475,3.24
1511903826515878403,3634,1511903826514614105,/gps,1,7,40.2679563333,-111.635330167,1518.3,9.85984222221,4.63611809207,3.24
1511903826715763507,3635,1511903826714492082,/gps,1,7,40.2679516667,-111.635352667,1517.4,10.2209822222,4.34482263991,3.24
1511903826917221163,3636,1511903826916089057,/gps,1,7,40.2679416667,-111.635373833,1516.4,10.63048,4.07447113878,3.24
1511903827122283923,3637,1511903827121149063,/gps,1,7,40.2679261667,-111.635391833,1515.5,11.3188066667,3.76484972948,3.24
1511903827317089288,3638,1511903827315345048,/gps,1,7,40.267906,-111.635402667,1514.7,12.0976755555,3.36167867227,3.24
1511903827515138402,3639,1511903827513868093,/gps,1,7,40.2678826667,-111.635403667,1514.1,13.0812933333,3.016976145,3.24
1511903827716702985,3640,1511903827715670108,/gps,1,7,40.2678605,-111.635394833,1513.9,13.0180166667,2.66808482752,3.24
1511903827915662777,3641,1511903827914572954,/gps,1,7,40.2678406667,-111.635376333,1513.1,14.9801077778,2.45201306613,3.24
1511903828116557308,3642,1511903828115410089,/gps,1,7,40.267822,-111.635354833,1513.5,12.8631688889,2.25915418378,3.24
1511903828316454860,3643,1511903828315211057,/gps,1,7,40.2678095,-111.6353305,1513.9,12.3322622222,2.04220975776,3.24
1511903828516666943,3644,1511903828515503883,/gps,1,7,40.267799,-111.635306333,1514.7,11.2637611111,2.00433611299,3.24
1511903828717491631,3645,1511903828716329097,/gps,1,7,40.2677908333,-111.635283167,1515.4,10.5018688889,1.98321762904,3.24
1511903828918510016,3646,1511903828916189908,/gps,1,8,40.2677841667,-111.635261833,1516.3,9.32018999999,1.93120681733,2.9241
1511903829125331787,3647,1511903829123251914,/gps,1,8,40.2677798333,-111.6352425,1517.6,8.51251222221,1.65631746014,2.9241
1511903829316814651,3648,1511903829315679073,/gps,1,8,40.2677788333,-111.635224333,1518.6,7.1662111111,1.62402886898,2.9241
1511903829518589495,3649,1511903829517400026,/gps,1,8,40.2677783333,-111.635209,1519.7,6.33229666666,1.58528255959,2.9241
1511903829718206526,3650,1511903829717042922,/gps,1,8,40.2677791667,-111.635195333,1520.6,5.86929666666,1.50621914447,2.9241
1511903829916421422,3651,1511903829915453910,/gps,1,8,40.2677823333,-111.635182,1521.2,5.99687888888,1.34809231424,2.9241
1511903830118202307,3652,1511903830116987943,/gps,1,8,40.2677875,-111.635168333,1521.6,6.15326999999,1.20183372292,2.9241
1511903830319742412,3653,1511903830318555116,/gps,1,8,40.2677933333,-111.6351555,1521.8,6.12291777777,1.11282193107,2.9241
1511903830518161839,3654,1511903830517004966,/gps,1,8,40.2678026667,-111.6351425,1522.0,7.95691222222,0.841074166536,2.9241
1511903830717878349,3655,1511903830716696023,/gps,1,8,40.2678103333,-111.635128833,1521.7,6.25255777777,0.87982047593,2.9241
1511903830917221682,3656,1511903830916160106,/gps,1,8,40.2678166667,-111.635114333,1521.5,7.15129222222,0.974417321388,3.24
1511903831125363505,3657,1511903831124310016,/gps,1,8,40.2678243333,-111.635098,1521.0,7.64001444444,1.02223934289,2.9241
1511903831316276109,3658,1511903831315104007,/gps,1,8,40.2678306667,-111.635081333,1520.9,7.85505222222,1.08891092032,3.24
1511903831514442724,3659,1511903831513560056,/gps,1,8,40.2678365,-111.635063333,1520.8,7.83035888888,1.13306775039,2.9241
1511903831716744494,3660,1511903831715570926,/gps,1,8,40.2678405,-111.635044667,1520.8,8.10712999999,1.31126586702,2.9241
1511903831916652307,3661,1511903831915508985,/gps,1,8,40.2678421667,-111.635025333,1520.7,8.02944888888,1.46572750582,2.9241
1511903832116720640,3662,1511903832115592002,/gps,1,8,40.2678421667,-111.635005667,1520.7,8.42814333333,1.56102248298,2.9241
1511903832316450640,3663,1511903832315217018,/gps,1,8,40.2678378333,-111.634986,1520.4,8.48781888888,1.92073484182,2.9241
1511903832516458088,3664,1511903832515232086,/gps,1,8,40.2678283333,-111.634967667,1520.1,9.10978222221,2.16193934445,2.9241
1511903832716996473,3665,1511903832715949058,/gps,1,8,40.267817,-111.634951833,1519.5,8.88085444444,2.45655092218,2.9241
1511903832914465900,3666,1511903832913352012,/gps,1,8,40.2678013333,-111.634940167,1519.2,9.72042777777,2.66284883977,2.9241
1511903833116177619,3667,1511903833115032911,/gps,1,8,40.2677831667,-111.634932333,1518.8,10.38972,2.92377556294,2.9241
1511903833315977046,3668,1511903833314879894,/gps,1,8,40.2677646667,-111.634931667,1518.4,9.69779222221,3.29587975947,2.9241
1511903833517286942,3669,1511903833515935897,/gps,1,8,40.2677466667,-111.634939167,1517.9,9.96993333332,3.61998740156,2.9241
1511903833716020744,3670,1511903833714878082,/gps,1,8,40.2677345,-111.634951667,1516.8,8.88085444444,3.98511028108,2.9241
1511903833918042931,3671,1511903833915667057,/gps,1,8,40.2677263333,-111.634969,1515.6,9.26308666666,4.32195882671,2.9241
1511903834120221681,3672,1511903834117867946,/gps,1,8,40.2677228333,-111.634991167,1514.3,10.68141,4.62512251778,2.9241
1511903834313997045,3673,1511903834312793970,/gps,1,8,40.2677226667,-111.635016667,1513.4,11.4839433333,4.76474885794,2.9241
1511903834515541160,3674,1511903834514626026,/gps,1,8,40.2677273333,-111.635043,1513.2,11.9345966667,5.05063378942,2.9241
1511903834716178243,3675,1511903834715286016,/gps,1,8,40.267733,-111.635070333,1514.2,11.6341611111,5.13877291665,2.9241
1511903834916232618,3676,1511903834915178060,/gps,1,8,40.2677415,-111.6350905,1514.8,8.71777555555,5.15116475434,2.9241
1511903835116933451,3677,1511903835116081953,/gps,1,8,40.2677461667,-111.6351055,1516.0,5.85026222222,5.1003756731,2.9241
1511903835317605326,3678,1511903835316736936,/gps,1,8,40.2677488333,-111.635117167,1517.1,4.89802555555,5.07506839895,2.9241
1511903835516580014,3679,1511903835515338897,/gps,1,8,40.2677515,-111.6351275,1518.0,4.78587666666,5.03475129323,2.9241
1511903835715401107,3680,1511903835714190006,/gps,1,8,40.2677536667,-111.635137333,1518.8,4.30384222222,5.04679406507,2.9241
1511903835916802618,3681,1511903835915854930,/gps,1,8,40.2677541667,-111.6351475,1519.7,3.87788222222,4.99495778628,2.9241
1511903836117175066,3682,1511903836116167068,/gps,1,8,40.2677553333,-111.635156167,1520.2,3.71634666666,4.92846074178,2.9241
1511903836317335795,3683,1511903836316020011,/gps,1,8,40.2677546667,-111.635165167,1520.9,3.37784222222,4.88517657633,2.9241
1511903836515932722,3684,1511903836514965057,/gps,1,8,40.2677551667,-111.635173,1521.1,3.48176,4.84381227306,2.9241
1511903836715599545,3685,1511903836714775085,/gps,1,8,40.267756,-111.635181,1521.2,3.67930666666,4.82478818421,2.9241
1511903836916040065,3686,1511903836915261983,/gps,1,8,40.2677573333,-111.635188833,1521.0,3.74772777777,4.79232506013,2.9241
1511903837114648763,3687,1511903837113862991,/gps,1,8,40.267758,-111.635198333,1520.9,4.29355333333,4.81798140013,2.9241
1511903837316258398,3688,1511903837315406084,/gps,1,8,40.2677596667,-111.635208333,1520.7,4.41856333333,4.91135651511,2.9241
1511903837516020117,3689,1511903837514997959,/gps,1,8,40.2677621667,-111.635219333,1520.2,5.37594444444,4.89250695919,2.9241
1511903837715851367,3690,1511903837714945077,/gps,1,8,40.267763,-111.635233667,1519.9,6.46399444444,4.87243567279,2.9241
1511903837915472096,3691,1511903837914638996,/gps,1,8,40.2677653333,-111.635249167,1519.5,7.08235666666,4.92078129307,2.9241
1511903838116852304,3692,1511903838116033077,/gps,1,8,40.2677685,-111.6352655,1519.1,7.55152999999,4.96197106342,2.9241
1511903838315941419,3693,1511903838315033912,/gps,1,8,40.2677728333,-111.6352835,1519.1,8.40396444444,5.08623850616,2.9241
1511903838514034908,3694,1511903838513154983,/gps,1,8,40.2677766667,-111.6353015,1519.3,7.71563777777,5.04522326874,2.9241
1511903838716905637,3695,1511903838716026067,/gps,1,8,40.2677803333,-111.635318,1519.7,6.84416888888,5.04731766384,2.9241
1511903838920715742,3696,1511903838918638944,/gps,1,8,40.2677843333,-111.635331833,1520.2,6.05912666666,5.07314853677,2.9241
1511903839116494023,3697,1511903839115637063,/gps,1,8,40.267788,-111.635344,1520.6,5.17171,5.09566328412,2.9241
1511903839316462304,3698,1511903839315635919,/gps,1,8,40.2677928333,-111.635354333,1520.9,5.05030111111,5.18659493815,2.9241
1511903839517799231,3699,1511903839517029047,/gps,1,8,40.2677983333,-111.635363667,1521.2,4.86715888888,5.25867703626,2.9241
1511903839716303450,3700,1511903839715523958,/gps,1,8,40.2678033333,-111.635373,1521.6,4.43914111111,5.33145726607,2.9241
1511903839914380064,3701,1511903839913561105,/gps,1,8,40.2678083333,-111.6353815,1521.9,4.45869,5.36985450961,2.9241
1511903840115610168,3702,1511903840114478111,/gps,1,8,40.2678126667,-111.635390667,1522.4,4.32133333333,5.35920800117,2.9241
1511903840316524231,3703,1511903840315371990,/gps,1,8,40.2678166667,-111.6353995,1522.6,4.19786666666,5.30510279436,2.9241
1511903840517066470,3704,1511903840515954017,/gps,1,8,40.2678198333,-111.635409333,1522.6,4.66446777777,5.18170801625,2.9241
1511903840716198345,3705,1511903840715095996,/gps,1,8,40.2678221667,-111.635420833,1522.4,5.42070111111,5.03789288588,2.9241
1511903840915573449,3706,1511903840914407014,/gps,1,8,40.2678245,-111.635432833,1521.9,5.50044,4.94416870505,2.9241
1511903841119510689,3707,1511903841118168115,/gps,1,9,40.2678246667,-111.635446667,1521.3,6.51543888888,4.73874345209,2.1904
1511903841316146834,3708,1511903841315135955,/gps,1,9,40.2678213333,-111.635462833,1520.7,7.78251555555,4.40486196618,2.1904
1511903841518018449,3709,1511903841516880989,/gps,1,9,40.2678151667,-111.635480333,1520.2,8.41991222221,4.20310190465,2.1904
1511903841718130324,3710,1511903841717061042,/gps,1,9,40.2678053333,-111.635496167,1519.7,8.94721777777,3.90342887209,2.1904
1511903841917300793,3711,1511903841916066884,/gps,1,9,40.267792,-111.635507833,1519.0,9.40198666666,3.62661965272,2.1904
1511903842117834855,3712,1511903842116827011,/gps,1,9,40.2677745,-111.6355155,1518.7,9.86395777777,3.33706952981,2.1904
1511903842316513709,3713,1511903842315465927,/gps,1,9,40.2677561667,-111.635517167,1518.3,9.76672777777,3.09935568569,2.1904
1511903842516650896,3714,1511903842515836000,/gps,1,9,40.2677371667,-111.635515,1518.3,9.57123888888,2.89201057055,2.1904
1511903842718256573,3715,1511903842717363119,/gps,1,9,40.2677203333,-111.635503,1518.0,11.3656211111,2.3853414887,2.1904
1511903842917657875,3716,1511903842916654109,/gps,1,9,40.2677066667,-111.635482833,1517.3,11.1474966667,2.26910256052,2.1904
1511903843116118657,3717,1511903843114999055,/gps,1,9,40.2676971667,-111.635461667,1516.6,10.1515322222,2.02353473476,2.1904
1511903843317417146,3718,1511903843315905094,/gps,1,9,40.267695,-111.635438,1516.3,10.8486044444,1.51546938951,2.1904
1511903843518211677,3719,1511903843516952991,/gps,1,9,40.2677001667,-111.635413833,1516.1,11.3517311111,1.14563412101,2.1904
1511903843718216052,3720,1511903843717046976,/gps,1,9,40.2677126667,-111.6353935,1516.0,11.29257,0.738972405294,2.1904
1511903843919071677,3721,1511903843916182994,/gps,1,9,40.2677283333,-111.635380167,1516.2,9.52956888888,0.46390851518,2.1904
1511903844118119594,3722,1511903844116681098,/gps,1,9,40.2677446667,-111.635371,1516.7,9.51567888888,0.381179908636,2.1904
1511903844318122979,3723,1511903844316741943,/gps,1,9,40.2677606667,-111.635362,1516.9,8.12050555555,0.353778239379,2.1904
1511903844517754177,3724,1511903844516643047,/gps,1,9,40.2677718333,-111.635354833,1518.0,6.25615888888,0.420100750955,2.1904
1511903844718265166,3725,1511903844716887950,/gps,1,9,40.2677808333,-111.635346833,1518.8,5.23344333333,0.505098285527,2.1904
1511903844917980739,3726,1511903844916960954,/gps,1,9,40.2677873333,-111.635338167,1519.5,4.40827444444,0.637917841604,2.1904
1511903845117919645,3727,1511903845117007970,/gps,1,9,40.2677915,-111.635329667,1520.1,3.96225111111,0.783303768295,2.1904
1511903845316216677,3728,1511903845315305948,/gps,1,9,40.2677963333,-111.635320333,1520.2,3.93035555555,0.909142007364,2.1904
1511903845517741364,3729,1511903845516865968,/gps,1,9,40.2678003333,-111.6353105,1520.2,3.95196222222,1.03026785745,2.1904
1511903845718145010,3730,1511903845717185020,/gps,1,9,40.2678031667,-111.635300833,1520.1,4.26937444444,1.11893058345,2.1904
1511903845917846885,3731,1511903845917081117,/gps,1,9,40.2678046667,-111.635291833,1520.2,3.91286444444,1.19171081326,2.1904
1511903846117688551,3732,1511903846116717100,/gps,1,9,40.2678068333,-111.635283,1520.1,4.28943777777,1.18822015476,2.1904
1511903846317804228,3733,1511903846316868066,/gps,1,9,40.2678088333,-111.635273667,1519.9,4.47052222222,1.25908052239,2.1904
1511903846517741520,3734,1511903846516727924,/gps,1,9,40.2678105,-111.6352635,1519.6,4.85481222222,1.28840205382,2.1904
1511903846716256312,3735,1511903846715147018,/gps,1,9,40.267812,-111.635252667,1519.3,5.45259666666,1.30376095124,2.1904
1511903846918170009,3736,1511903846917140007,/gps,1,9,40.267815,-111.635239167,1518.6,6.53704555555,1.29852496348,2.1904
1511903847117946103,3737,1511903847116822004,/gps,1,9,40.2678186667,-111.635223333,1517.9,7.50265777777,1.30044482566,2.1904
1511903847318087093,3738,1511903847316963911,/gps,1,9,40.2678228333,-111.635204833,1517.4,8.84381444444,1.2875293892,2.1904
1511903847520484020,3739,1511903847518923044,/gps,1,9,40.2678273333,-111.635184167,1517.0,9.28777999999,1.30184108906,2.1904
1511903847718642978,3740,1511903847717544078,/gps,1,9,40.267832,-111.6351635,1517.0,9.50796222221,1.29416164035,2.1904
1511903847918606363,3741,1511903847917610883,/gps,1,9,40.2678358333,-111.635143167,1517.5,8.86593555555,1.33378061437,2.1904
1511903848116016415,3742,1511903848114593982,/gps,1,9,40.2678383333,-111.635125667,1518.3,7.17804333333,1.33081355465,2.1904
1511903848317018707,3743,1511903848315690994,/gps,1,9,40.2678401667,-111.635110167,1519.3,7.07618333333,1.38736222241,2.1904
1511903848516118030,3744,1511903848515346050,/gps,1,9,40.2678433333,-111.6350935,1520.0,7.52683666666,1.42942465738,2.1904
1511903848716232769,3745,1511903848715409040,/gps,1,9,40.2678458333,-111.6350765,1520.6,7.12608444444,1.42087254405,2.1904
1511903848917887821,3746,1511903848916471004,/gps,1,9,40.2678478333,-111.635060833,1521.2,6.72687555555,1.43256625004,2.1904
1511903849118778863,3747,1511903849117120027,/gps,1,9,40.2678496667,-111.635044833,1521.6,7.04120111111,1.43396251344,2.1904
1511903849319446311,3748,1511903849317761898,/gps,1,9,40.2678518333,-111.635028667,1521.3,6.29011222222,1.45892072174,2.1904
1511903849516737665,3749,1511903849515077114,/gps,1,9,40.2678536667,-111.635012333,1521.2,7.2495511111,1.42017441235,2.1904
1511903849718189227,3750,1511903849717354059,/gps,1,9,40.2678561667,-111.634995,1521.1,7.33391999999,1.40359378445,2.1904
1511903849917752039,3751,1511903849916840076,/gps,1,9,40.267859,-111.634977333,1521.1,7.80206444444,1.36048415193,2.1904
1511903850117575269,3752,1511903850116686105,/gps,1,9,40.2678616667,-111.6349595,1521.2,7.84527777777,1.34599791914,2.1904
1511903850318196102,3753,1511903850317224979,/gps,1,9,40.2678651667,-111.634941167,1521.1,8.09529777777,1.34163459601,2.1904
1511903850517667768,3754,1511903850516793966,/gps,1,9,40.2678673333,-111.634922333,1521.3,8.03407888888,1.44914687793,2.1904
1511903850716520216,3755,1511903850715564966,/gps,1,9,40.2678685,-111.634903167,1521.5,8.33194222222,1.53047922107,2.1904
1511903850915174227,3756,1511903850914144992,/gps,1,9,40.2678678333,-111.634883667,1521.4,8.17966666666,1.71443692423,2.1904
1511903851117919279,3757,1511903851116749048,/gps,1,9,40.2678645,-111.634865,1521.4,8.11433222222,1.88687545433,2.1904
1511903851317963029,3758,1511903851316962003,/gps,1,9,40.267857,-111.634847667,1521.9,8.72600666666,2.10713600593,2.1904
1511903851518365997,3759,1511903851517297983,/gps,1,9,40.2678475,-111.634831333,1522.1,8.65038333333,2.26543736909,2.1904
1511903851716809487,3760,1511903851715802907,/gps,1,9,40.267836,-111.634817667,1522.3,8.39573333333,2.44520628204,2.1904
1511903851917312351,3761,1511903851916120052,/gps,1,9,40.2678223333,-111.634807167,1522.5,8.66735999999,2.66529230072,2.1904
1511903852118297559,3762,1511903852117147922,/gps,1,9,40.2678061667,-111.6348005,1522.5,9.45908999999,2.91976130566,2.1904
1511903852314737195,3763,1511903852313950061,/gps,1,9,40.2677893333,-111.634798333,1522.4,8.90400444444,3.13356413903,2.1904
1511903852516915320,3764,1511903852516062021,/gps,1,9,40.2677725,-111.634800667,1522.2,9.74409222221,3.33881485907,2.1904
1511903852716837143,3765,1511903852716012001,/gps,1,9,40.2677575,-111.634807333,1521.8,8.88754222221,3.59886891761,2.1904
1511903852918134486,3766,1511903852916930913,/gps,1,9,40.2677435,-111.634818833,1521.5,9.64068888888,3.78980793778,2.1904
1511903853116880684,3767,1511903853115849971,/gps,1,9,40.2677301667,-111.634834333,1521.6,9.77855999999,3.94618943876,2.1904
1511903853319050840,3768,1511903853317869901,/gps,1,9,40.2677203333,-111.634850667,1521.8,8.5737311111,4.08337231797,2.1904
1511903853518523080,3769,1511903853517460107,/gps,1,9,40.2677116667,-111.634866333,1522.2,7.75987999999,4.09768401783,2.1904
1511903853715868601,3770,1511903853714557886,/gps,1,9,40.2677038333,-111.634880833,1522.7,7.34317999999,4.08738657525,2.1904
1511903853919534434,3771,1511903853917603969,/gps,1,9,40.2676955,-111.634894,1523.3,6.85754444444,4.03851735619,2.1904
1511903854119616152,3772,1511903854117522954,/gps,1,9,40.2676873333,-111.634905667,1523.8,6.49949111111,3.99470959196,2.1904
1511903854319771777,3773,1511903854317812919,/gps,1,9,40.2676796667,-111.634915833,1524.2,5.97012777777,3.95474155209,2.1904
1511903854519763548,3774,1511903854517890930,/gps,1,9,40.2676713333,-111.634924833,1524.8,5.56268777777,3.85787577861,2.1904
1511903854719092663,3775,1511903854717703104,/gps,1,9,40.2676633333,-111.634931,1525.2,4.91757444444,3.75385415519,2.1904
1511903854918177298,3776,1511903854916729927,/gps,1,9,40.2676541667,-111.634936167,1525.6,5.42893222222,3.60794462972,2.1904
1511903855115142246,3777,1511903855114025115,/gps,1,9,40.2676451667,-111.634939833,1525.7,5.37800222222,3.5246924244,2.1904
1511903855318433339,3778,1511903855317361116,/gps,1,9,40.2676353333,-111.634942667,1525.5,5.90530777777,3.43376077037,2.1904
1511903855517407350,3779,1511903855516484022,/gps,1,9,40.2676243333,-111.634945333,1525.4,5.90119222222,3.37791023431,2.1904
1511903855717573808,3780,1511903855716521024,/gps,1,9,40.2676131667,-111.634947167,1524.9,6.63993444444,3.32642302138,2.1904
1511903855917132818,3781,1511903855916121959,/gps,1,9,40.2676011667,-111.634950667,1524.5,6.88686777777,3.38698594642,2.1904
1511903856121453391,3782,1511903856120224952,/gps,1,9,40.26759,-111.634955833,1523.7,6.81330222222,3.46168603841,2.1904
1511903856318126620,3783,1511903856316946029,/gps,1,9,40.2675793333,-111.634963333,1522.7,7.41725999999,3.7393679224,2.1904
1511903856518265631,3784,1511903856517055034,/gps,1,9,40.2675698333,-111.634975333,1521.7,7.4995711111,4.06225383402,2.1904
1511903856718430110,3785,1511903856717245101,/gps,1,9,40.267564,-111.6349915,1520.2,8.47341444444,4.38095095543,2.1904
1511903856917578703,3786,1511903856916390895,/gps,1,9,40.267562,-111.635012333,1519.1,9.33870999999,4.7464229008,2.1904
1511903857116525787,3787,1511903857115396022,/gps,1,9,40.2675646667,-111.635034667,1518.3,9.76621333332,4.95516427934,2.1904
1511903857317040891,3788,1511903857315824985,/gps,1,9,40.267571,-111.635059,1518.2,11.2056288889,5.15901873597,2.1904
1511903857517242349,3789,1511903857516019105,/gps,1,9,40.26758,-111.635083667,1518.9,11.2411255555,5.29969227368,2.1904
1511903857718641568,3790,1511903857717380046,/gps,1,9,40.2675915,-111.635100667,1519.2,8.83506888888,5.54089677631,2.1904
1511903857917886828,3791,1511903857916666030,/gps,1,9,40.2676031667,-111.635113167,1519.8,8.17040666666,5.61769126339,2.1904
1511903858117979953,3792,1511903858116647005,/gps,1,9,40.2676148333,-111.635124,1520.3,7.9579411111,5.67930138599,2.1904
1511903858318535630,3793,1511903858317287921,/gps,1,9,40.2676266667,-111.635133667,1520.8,7.65184666666,5.70408506137,2.1904
1511903858518197245,3794,1511903858517187118,/gps,1,9,40.2676385,-111.635142167,1521.2,7.38793666666,5.72590167702,2.1904
1511903858717650630,3795,1511903858716767072,/gps,1,9,40.2676493333,-111.63515,1521.6,6.47531222222,5.73288299403,2.1904
1511903858920005786,3796,1511903858917646884,/gps,1,9,40.2676586667,-111.635157167,1522.0,5.78029777777,5.71228810885,2.1904
1511903859115661671,3797,1511903859114505052,/gps,1,9,40.2676673333,-111.635165167,1522.5,6.11828777777,5.69221682245,2.1904
1511903859318294953,3798,1511903859317507982,/gps,1,9,40.2676761667,-111.6351735,1522.9,6.16407333333,5.6627207581,2.1904
1511903859518542973,3799,1511903859517622947,/gps,1,9,40.2676853333,-111.635181667,1523.0,6.03546222222,5.63776254979,2.1904
1511903859718624379,3800,1511903859717664957,/gps,1,9,40.267694,-111.635190167,1523.0,5.89913444444,5.59063865999,2.1904
1511903859917636931,3801,1511903859916807889,/gps,1,9,40.2677028333,-111.635199667,1523.0,6.44958999999,5.56620405046,2.1904
1511903860118273858,3802,1511903860117546081,/gps,1,9,40.2677106667,-111.635210333,1523.1,6.24226888888,5.50145233521,2.1904
1511903860317857869,3803,1511903860316941022,/gps,1,9,40.2677191667,-111.6352215,1523.0,6.83336555555,5.44909245765,2.1904
1511903860516105265,3804,1511903860515273094,/gps,1,9,40.2677265,-111.635234167,1522.9,6.87606444444,5.36758558158,2.1904
1511903860717965004,3805,1511903860716836929,/gps,1,9,40.2677328333,-111.635248,1522.9,7.04428777777,5.26984714347,2.1904
1511903860918271046,3806,1511903860917079925,/gps,1,9,40.2677376667,-111.6352635,1523.0,7.3004811111,5.16914164563,2.1904
1511903861120716827,3807,1511903861119782924,/gps,1,9,40.2677416667,-111.6352795,1523.0,7.30202444444,5.08676210494,2.1904
1511903861318624639,3808,1511903861317478895,/gps,1,9,40.2677453333,-111.635295833,1522.9,7.60863333333,5.03352956275,2.1904
1511903861517944118,3809,1511903861516968011,/gps,1,9,40.267749,-111.635312167,1522.9,7.13894555555,5.00333536669,2.1904
1511903861717518962,3810,1511903861716485977,/gps,1,9,40.2677525,-111.6353275,1523.0,6.80198444444,5.0061278935,2.1904
1511903861915933285,3811,1511903861915143966,/gps,1,9,40.2677568333,-111.635341833,1523.2,6.83902444444,5.07314853677,2.1904
1511903862117729535,3812,1511903862116755008,/gps,1,9,40.2677631667,-111.6353555,1523.3,6.94705777777,5.17123604073,2.1904
1511903862316131618,3813,1511903862315321922,/gps,1,9,40.2677706667,-111.6353685,1523.5,7.10190555555,5.2728142032,2.1904
1511903862517879639,3814,1511903862517112016,/gps,1,9,40.2677783333,-111.635379833,1523.6,6.17230444444,5.33215539777,2.1904
1511903862716645264,3815,1511903862715456008,/gps,1,9,40.2677861667,-111.6353895,1523.7,6.15275555555,5.43024290173,2.1904
1511903862917097503,3816,1511903862915523052,/gps,1,9,40.2677941667,-111.635397833,1523.9,5.52307555555,5.5311229325,2.1904
1511903863116931826,3817,1511903863115828037,/gps,1,9,40.2678025,-111.6354045,1524.0,5.60693,5.64422026802,2.1904
1511903863315886826,3818,1511903863314579010,/gps,1,9,40.2678115,-111.63541,1524.0,5.33067333333,5.76499705226,2.1904
1511903863517005784,3819,1511903863515961885,/gps,1,9,40.2678203333,-111.635413667,1524.1,5.25093444444,5.87565092684,2.1904
1511903863716707920,3820,1511903863715748071,/gps,1,9,40.2678296667,-111.635416167,1524.1,5.60332888888,5.99328611842,2.1904
1511903863919831982,3821,1511903863917823076,/gps,1,9,40.2678398333,-111.635417333,1524.0,5.59869888888,6.09416614919,2.1904
1511903864118672919,3822,1511903864117394924,/gps,1,9,40.2678501667,-111.635418,1523.6,4.85789888888,6.11319023804,2.1904
1511903864318741409,3823,1511903864316584110,/gps,1,9,40.2678601667,-111.635418167,1523.4,5.61824777777,6.22052798703,2.1904
1511903864519148388,3824,1511903864517128944,/gps,1,9,40.2678708333,-111.635417167,1523.3,6.20934444444,0.0328121899375,2.1904
1511903864716731461,3825,1511903864715576887,/gps,1,9,40.2678818333,-111.635415167,1523.3,6.27879444444,0.132819556077,2.1904
1511903864919999273,3826,1511903864918035984,/gps,1,9,40.2678926667,-111.635412,1523.2,6.18259333333,0.187448361664,2.1904
1511903865123270471,3827,1511903865121136903,/gps,1,9,40.2679038333,-111.6354085,1523.1,6.23558111111,0.221307749153,2.1904
1511903865323177242,3828,1511903865320960044,/gps,1,9,40.2679146667,-111.635404333,1523.1,6.45421999999,0.273144027937,2.1904
1511903865520764325,3829,1511903865518518924,/gps,1,9,40.2679256667,-111.6353995,1523.1,6.65793999999,0.298974900867,2.1904
1511903865720467867,3830,1511903865718281984,/gps,1,9,40.2679365,-111.635393833,1523.2,6.69806666666,0.36320301734,2.1904
1511903865918069013,3831,1511903865916703939,/gps,1,9,40.2679473333,-111.635386333,1523.2,6.75053999999,0.436681378849,2.1904
1511903866116741773,3832,1511903866115457057,/gps,1,9,40.267958,-111.6353775,1523.2,6.95734666666,0.522900643898,2.1904
1511903866319522242,3833,1511903866318361043,/gps,1,9,40.2679673333,-111.635367833,1523.3,6.53190111111,0.605978316292,2.1904
1511903866518767189,3834,1511903866517618894,/gps,1,9,40.2679765,-111.635356,1523.3,7.10396333333,0.729373094408,2.1904
1511903866718920783,3835,1511903866717722892,/gps,1,9,40.2679845,-111.635342833,1523.3,6.99644444444,0.841423232386,2.1904
1511903866918912293,3836,1511903866917668104,/gps,1,9,40.2679921667,-111.635329333,1523.4,7.04480222222,0.915076126821,2.1904
1511903867118610418,3837,1511903867117314100,/gps,1,9,40.2679986667,-111.635315833,1523.7,6.85497222222,0.986983692003,2.1904
1511903867318515002,3838,1511903867317323923,/gps,1,9,40.2680033333,-111.635301833,1524.0,6.55916666666,1.09467050685,2.1904
1511903867516938022,3839,1511903867515755891,/gps,1,9,40.2680066667,-111.635287667,1524.4,6.56379666666,1.2002629266,2.1904
1511903867719401460,3840,1511903867718115091,/gps,1,9,40.2680095,-111.635272167,1524.6,6.92442222222,1.28019900634,2.1904
1511903867918117970,3841,1511903867917026996,/gps,1,9,40.2680121667,-111.635255167,1524.5,7.26858555555,1.36222948118,2.1904
1511903868118775262,3842,1511903868117681980,/gps,1,9,40.2680136667,-111.6352375,1524.6,7.38999444444,1.41214589779,2.1904
1511903868318969324,3843,1511903868317895889,/gps,1,9,40.2680158333,-111.635219167,1524.2,7.57519444444,1.45141580596,2.1904
1511903868519028647,3844,1511903868517672061,/gps,1,9,40.268017,-111.635200333,1524.1,7.92347333333,1.46642563753,2.1904
1511903868718113439,3845,1511903868717015027,/gps,1,9,40.2680176667,-111.635180333,1523.8,8.48781888888,1.56416407564,2.1904
